mode,dataset,k,algo,algo_display,step,score,score_raw,json_path,source
k,aime25x8,1,Qwen2.5-math-7B_pissa,PiSSA,300,0.0,0.0,/home/caixq/project/LLM_EVAL/eval_results/OPRA-LoRA_think-boxed/json/Qwen2_5_math_7B_pissa/Qwen2.5-math-7B_pissa__global_step_300/g1/aime25x8/test_think-boxed_-1_seed0_t0.6_s0_e-1_think-boxed_metrics.json,eval_root
k,aime25x8,8,Qwen2.5-math-7B_pissa,PiSSA,300,0.1,0.1,/home/caixq/project/LLM_EVAL/eval_results/OPRA-LoRA_think-boxed/json/Qwen2_5_math_7B_pissa/Qwen2.5-math-7B_pissa__global_step_300/g1/aime25x8/test_think-boxed_-1_seed0_t0.6_s0_e-1_think-boxed_metrics.json,eval_root
k,aime25x8,16,Qwen2.5-math-7B_pissa,PiSSA,300,0.3,0.3,/home/caixq/project/LLM_EVAL/eval_results/OPRA-LoRA_think-boxed/json/Qwen2_5_math_7B_pissa/Qwen2.5-math-7B_pissa__global_step_300/g1/aime25x8/test_think-boxed_-1_seed0_t0.6_s0_e-1_think-boxed_metrics.json,eval_root
k,aime25x8,32,Qwen2.5-math-7B_pissa,PiSSA,300,0.5,0.5,/home/caixq/project/LLM_EVAL/eval_results/OPRA-LoRA_think-boxed/json/Qwen2_5_math_7B_pissa/Qwen2.5-math-7B_pissa__global_step_300/g1/aime25x8/test_think-boxed_-1_seed0_t0.6_s0_e-1_think-boxed_metrics.json,eval_root
k,aime25x8,64,Qwen2.5-math-7B_pissa,PiSSA,300,1.0,1.0,/home/caixq/project/LLM_EVAL/eval_results/OPRA-LoRA_think-boxed/json/Qwen2_5_math_7B_pissa/Qwen2.5-math-7B_pissa__global_step_300/g1/aime25x8/test_think-boxed_-1_seed0_t0.6_s0_e-1_think-boxed_metrics.json,eval_root
k,aime25x8,128,Qwen2.5-math-7B_pissa,PiSSA,300,2.1,2.1,/home/caixq/project/LLM_EVAL/eval_results/OPRA-LoRA_think-boxed/json/Qwen2_5_math_7B_pissa/Qwen2.5-math-7B_pissa__global_step_300/g1/aime25x8/test_think-boxed_-1_seed0_t0.6_s0_e-1_think-boxed_metrics.json,eval_root
k,aime25x8,1,Base Model,Base Model,-1,5.8,5.8,/home/caixq/project/LLM_EVAL/eval_results/OPRA-LoRA_think-boxed/json/base__Qwen2.5-math-7B/g1/aime25x8/test_qwen25-math-cot_-1_seed0_t0.6_s0_e-1_think-boxed_metrics.json,eval_root
k,aime25x8,8,Base Model,Base Model,-1,23.3,23.3,/home/caixq/project/LLM_EVAL/eval_results/OPRA-LoRA_think-boxed/json/base__Qwen2.5-math-7B/g1/aime25x8/test_qwen25-math-cot_-1_seed0_t0.6_s0_e-1_think-boxed_metrics.json,eval_root
k,aime25x8,1,Qwen2.5-math-7B_vanilla,LoRA,300,12.1,12.1,/home/caixq/project/LLM_EVAL/eval_results/OPRA-LoRA_think-boxed/json/Qwen2_5_math_7B_vanilla/Qwen2.5-math-7B_vanilla__global_step_300/g1/aime25x8/test_think-boxed_-1_seed0_t0.6_s0_e-1_think-boxed_metrics.json,eval_root
k,aime25x8,8,Qwen2.5-math-7B_vanilla,LoRA,300,24.8,24.8,/home/caixq/project/LLM_EVAL/eval_results/OPRA-LoRA_think-boxed/json/Qwen2_5_math_7B_vanilla/Qwen2.5-math-7B_vanilla__global_step_300/g1/aime25x8/test_think-boxed_-1_seed0_t0.6_s0_e-1_think-boxed_metrics.json,eval_root
k,aime25x8,16,Qwen2.5-math-7B_vanilla,LoRA,300,29.9,29.9,/home/caixq/project/LLM_EVAL/eval_results/OPRA-LoRA_think-boxed/json/Qwen2_5_math_7B_vanilla/Qwen2.5-math-7B_vanilla__global_step_300/g1/aime25x8/test_think-boxed_-1_seed0_t0.6_s0_e-1_think-boxed_metrics.json,eval_root
k,aime25x8,32,Qwen2.5-math-7B_vanilla,LoRA,300,36.2,36.2,/home/caixq/project/LLM_EVAL/eval_results/OPRA-LoRA_think-boxed/json/Qwen2_5_math_7B_vanilla/Qwen2.5-math-7B_vanilla__global_step_300/g1/aime25x8/test_think-boxed_-1_seed0_t0.6_s0_e-1_think-boxed_metrics.json,eval_root
k,aime25x8,64,Qwen2.5-math-7B_vanilla,LoRA,300,43.2,43.2,/home/caixq/project/LLM_EVAL/eval_results/OPRA-LoRA_think-boxed/json/Qwen2_5_math_7B_vanilla/Qwen2.5-math-7B_vanilla__global_step_300/g1/aime25x8/test_think-boxed_-1_seed0_t0.6_s0_e-1_think-boxed_metrics.json,eval_root
k,aime25x8,128,Qwen2.5-math-7B_vanilla,LoRA,300,50.0,50.0,/home/caixq/project/LLM_EVAL/eval_results/OPRA-LoRA_think-boxed/json/Qwen2_5_math_7B_vanilla/Qwen2.5-math-7B_vanilla__global_step_300/g1/aime25x8/test_think-boxed_-1_seed0_t0.6_s0_e-1_think-boxed_metrics.json,eval_root
k,aime25x8,1,ver_rule_grpo_nocurl_Qwen2.5-math-7B,FFT,300,13.5,13.5,/home/caixq/project/LLM_EVAL/eval_results/OPRA-LoRA_think-boxed/json/ver_rule_grpo_Qwen2.5-math-7B/ver_rule_grpo_nocurl_Qwen2.5-math-7B__global_step_300/g1/aime25x8/test_think-boxed_-1_seed0_t0.6_s0_e-1_think-boxed_metrics.json,eval_root
k,aime25x8,8,ver_rule_grpo_nocurl_Qwen2.5-math-7B,FFT,300,28.7,28.7,/home/caixq/project/LLM_EVAL/eval_results/OPRA-LoRA_think-boxed/json/ver_rule_grpo_Qwen2.5-math-7B/ver_rule_grpo_nocurl_Qwen2.5-math-7B__global_step_300/g1/aime25x8/test_think-boxed_-1_seed0_t0.6_s0_e-1_think-boxed_metrics.json,eval_root
k,aime25x8,1,Qwen2.5-math-7B_opra_opra,RCA (Ours),100,13.8,13.8,/home/caixq/project/LLM_EVAL/eval_results/OPRA-LoRA_think-boxed/json/Qwen2_5_math_7B_opra_opra/Qwen2.5-math-7B_opra_opra__global_step_100/g1/aime25x8/test_think-boxed_-1_seed0_t0.6_s0_e-1_think-boxed_metrics.json,eval_root
k,aime25x8,8,Qwen2.5-math-7B_opra_opra,RCA (Ours),100,30.2,30.2,/home/caixq/project/LLM_EVAL/eval_results/OPRA-LoRA_think-boxed/json/Qwen2_5_math_7B_opra_opra/Qwen2.5-math-7B_opra_opra__global_step_100/g1/aime25x8/test_think-boxed_-1_seed0_t0.6_s0_e-1_think-boxed_metrics.json,eval_root
k,aime25x8,16,Qwen2.5-math-7B_opra_opra,RCA (Ours),100,35.9,35.9,/home/caixq/project/LLM_EVAL/eval_results/OPRA-LoRA_think-boxed/json/Qwen2_5_math_7B_opra_opra/Qwen2.5-math-7B_opra_opra__global_step_100/g1/aime25x8/test_think-boxed_-1_seed0_t0.6_s0_e-1_think-boxed_metrics.json,eval_root
k,aime25x8,32,Qwen2.5-math-7B_opra_opra,RCA (Ours),100,42.0,42.0,/home/caixq/project/LLM_EVAL/eval_results/OPRA-LoRA_think-boxed/json/Qwen2_5_math_7B_opra_opra/Qwen2.5-math-7B_opra_opra__global_step_100/g1/aime25x8/test_think-boxed_-1_seed0_t0.6_s0_e-1_think-boxed_metrics.json,eval_root
k,aime25x8,64,Qwen2.5-math-7B_opra_opra,RCA (Ours),100,48.0,48.0,/home/caixq/project/LLM_EVAL/eval_results/OPRA-LoRA_think-boxed/json/Qwen2_5_math_7B_opra_opra/Qwen2.5-math-7B_opra_opra__global_step_100/g1/aime25x8/test_think-boxed_-1_seed0_t0.6_s0_e-1_think-boxed_metrics.json,eval_root
k,aime25x8,128,Qwen2.5-math-7B_opra_opra,RCA (Ours),100,54.2,54.2,/home/caixq/project/LLM_EVAL/eval_results/OPRA-LoRA_think-boxed/json/Qwen2_5_math_7B_opra_opra/Qwen2.5-math-7B_opra_opra__global_step_100/g1/aime25x8/test_think-boxed_-1_seed0_t0.6_s0_e-1_think-boxed_metrics.json,eval_root
k,aime25x8,1,Qwen2.5-math-7B_rslora,RSLoRA,300,12.7,12.7,/home/caixq/project/LLM_EVAL/eval_results/OPRA-LoRA_think-boxed/json/Qwen2_5_math_7B_rslora/Qwen2.5-math-7B_rslora__global_step_300/g1/aime25x8/test_think-boxed_-1_seed0_t0.6_s0_e-1_think-boxed_metrics.json,eval_root
k,aime25x8,8,Qwen2.5-math-7B_rslora,RSLoRA,300,26.0,26.0,/home/caixq/project/LLM_EVAL/eval_results/OPRA-LoRA_think-boxed/json/Qwen2_5_math_7B_rslora/Qwen2.5-math-7B_rslora__global_step_300/g1/aime25x8/test_think-boxed_-1_seed0_t0.6_s0_e-1_think-boxed_metrics.json,eval_root
k,aime25x8,16,Qwen2.5-math-7B_rslora,RSLoRA,300,30.8,30.8,/home/caixq/project/LLM_EVAL/eval_results/OPRA-LoRA_think-boxed/json/Qwen2_5_math_7B_rslora/Qwen2.5-math-7B_rslora__global_step_300/g1/aime25x8/test_think-boxed_-1_seed0_t0.6_s0_e-1_think-boxed_metrics.json,eval_root
k,aime25x8,32,Qwen2.5-math-7B_rslora,RSLoRA,300,36.5,36.5,/home/caixq/project/LLM_EVAL/eval_results/OPRA-LoRA_think-boxed/json/Qwen2_5_math_7B_rslora/Qwen2.5-math-7B_rslora__global_step_300/g1/aime25x8/test_think-boxed_-1_seed0_t0.6_s0_e-1_think-boxed_metrics.json,eval_root
k,aime25x8,64,Qwen2.5-math-7B_rslora,RSLoRA,300,43.0,43.0,/home/caixq/project/LLM_EVAL/eval_results/OPRA-LoRA_think-boxed/json/Qwen2_5_math_7B_rslora/Qwen2.5-math-7B_rslora__global_step_300/g1/aime25x8/test_think-boxed_-1_seed0_t0.6_s0_e-1_think-boxed_metrics.json,eval_root
k,aime25x8,128,Qwen2.5-math-7B_rslora,RSLoRA,300,49.6,49.6,/home/caixq/project/LLM_EVAL/eval_results/OPRA-LoRA_think-boxed/json/Qwen2_5_math_7B_rslora/Qwen2.5-math-7B_rslora__global_step_300/g1/aime25x8/test_think-boxed_-1_seed0_t0.6_s0_e-1_think-boxed_metrics.json,eval_root
k,aime25x8,1,Qwen2.5-math-7B_adalora,AdaLoRA,300,8.6,8.6,/home/caixq/project/LLM_EVAL/eval_results/OPRA-LoRA_think-boxed/json/Qwen2_5_math_7B_adalora/Qwen2.5-math-7B_adalora__global_step_300/g1/aime25x8/test_think-boxed_-1_seed0_t0.6_s0_e-1_think-boxed_metrics.json,eval_root
k,aime25x8,8,Qwen2.5-math-7B_adalora,AdaLoRA,300,23.7,23.7,/home/caixq/project/LLM_EVAL/eval_results/OPRA-LoRA_think-boxed/json/Qwen2_5_math_7B_adalora/Qwen2.5-math-7B_adalora__global_step_300/g1/aime25x8/test_think-boxed_-1_seed0_t0.6_s0_e-1_think-boxed_metrics.json,eval_root
k,aime25x8,16,Qwen2.5-math-7B_adalora,AdaLoRA,300,29.2,29.2,/home/caixq/project/LLM_EVAL/eval_results/OPRA-LoRA_think-boxed/json/Qwen2_5_math_7B_adalora/Qwen2.5-math-7B_adalora__global_step_300/g1/aime25x8/test_think-boxed_-1_seed0_t0.6_s0_e-1_think-boxed_metrics.json,eval_root
k,aime25x8,32,Qwen2.5-math-7B_adalora,AdaLoRA,300,34.9,34.9,/home/caixq/project/LLM_EVAL/eval_results/OPRA-LoRA_think-boxed/json/Qwen2_5_math_7B_adalora/Qwen2.5-math-7B_adalora__global_step_300/g1/aime25x8/test_think-boxed_-1_seed0_t0.6_s0_e-1_think-boxed_metrics.json,eval_root
k,aime25x8,64,Qwen2.5-math-7B_adalora,AdaLoRA,300,41.1,41.1,/home/caixq/project/LLM_EVAL/eval_results/OPRA-LoRA_think-boxed/json/Qwen2_5_math_7B_adalora/Qwen2.5-math-7B_adalora__global_step_300/g1/aime25x8/test_think-boxed_-1_seed0_t0.6_s0_e-1_think-boxed_metrics.json,eval_root
k,aime25x8,128,Qwen2.5-math-7B_adalora,AdaLoRA,300,47.9,47.9,/home/caixq/project/LLM_EVAL/eval_results/OPRA-LoRA_think-boxed/json/Qwen2_5_math_7B_adalora/Qwen2.5-math-7B_adalora__global_step_300/g1/aime25x8/test_think-boxed_-1_seed0_t0.6_s0_e-1_think-boxed_metrics.json,eval_root
k,aime25x8,1,Qwen2.5-math-7B_olora,OLoRA,200,0.1,0.1,/home/caixq/project/LLM_EVAL/eval_results/OPRA-LoRA_think-boxed/json/Qwen2_5_math_7B_olora/Qwen2.5-math-7B_olora__global_step_200/g1/aime25x8/test_think-boxed_-1_seed0_t0.6_s0_e-1_think-boxed_metrics.json,eval_root
k,aime25x8,8,Qwen2.5-math-7B_olora,OLoRA,200,0.4,0.4,/home/caixq/project/LLM_EVAL/eval_results/OPRA-LoRA_think-boxed/json/Qwen2_5_math_7B_olora/Qwen2.5-math-7B_olora__global_step_200/g1/aime25x8/test_think-boxed_-1_seed0_t0.6_s0_e-1_think-boxed_metrics.json,eval_root
k,aime25x8,16,Qwen2.5-math-7B_olora,OLoRA,200,0.7,0.7,/home/caixq/project/LLM_EVAL/eval_results/OPRA-LoRA_think-boxed/json/Qwen2_5_math_7B_olora/Qwen2.5-math-7B_olora__global_step_200/g1/aime25x8/test_think-boxed_-1_seed0_t0.6_s0_e-1_think-boxed_metrics.json,eval_root
k,aime25x8,32,Qwen2.5-math-7B_olora,OLoRA,200,1.3,1.3,/home/caixq/project/LLM_EVAL/eval_results/OPRA-LoRA_think-boxed/json/Qwen2_5_math_7B_olora/Qwen2.5-math-7B_olora__global_step_200/g1/aime25x8/test_think-boxed_-1_seed0_t0.6_s0_e-1_think-boxed_metrics.json,eval_root
k,aime25x8,64,Qwen2.5-math-7B_olora,OLoRA,200,2.1,2.1,/home/caixq/project/LLM_EVAL/eval_results/OPRA-LoRA_think-boxed/json/Qwen2_5_math_7B_olora/Qwen2.5-math-7B_olora__global_step_200/g1/aime25x8/test_think-boxed_-1_seed0_t0.6_s0_e-1_think-boxed_metrics.json,eval_root
k,aime25x8,128,Qwen2.5-math-7B_olora,OLoRA,200,2.9,2.9,/home/caixq/project/LLM_EVAL/eval_results/OPRA-LoRA_think-boxed/json/Qwen2_5_math_7B_olora/Qwen2.5-math-7B_olora__global_step_200/g1/aime25x8/test_think-boxed_-1_seed0_t0.6_s0_e-1_think-boxed_metrics.json,eval_root
k,aime24x8,1,Base Model,Base Model,-1,12.7,12.7,/home/caixq/project/LLM_EVAL/eval_results/OPRA-LoRA_think-boxed/json/base__Qwen2.5-math-7B/g1/aime24x8/test_qwen25-math-cot_-1_seed0_t0.6_s0_e-1_think-boxed_metrics.json,eval_root
k,aime24x8,8,Base Model,Base Model,-1,36.2,36.2,/home/caixq/project/LLM_EVAL/eval_results/OPRA-LoRA_think-boxed/json/base__Qwen2.5-math-7B/g1/aime24x8/test_qwen25-math-cot_-1_seed0_t0.6_s0_e-1_think-boxed_metrics.json,eval_root
k,aime24x8,1,Qwen2.5-math-7B_vanilla,LoRA,300,31.6,31.6,/home/caixq/project/LLM_EVAL/eval_results/OPRA-LoRA_think-boxed/json/Qwen2_5_math_7B_vanilla/Qwen2.5-math-7B_vanilla__global_step_300/g1/aime24x8/test_think-boxed_-1_seed0_t0.6_s0_e-1_think-boxed_metrics.json,eval_root
k,aime24x8,8,Qwen2.5-math-7B_vanilla,LoRA,300,49.8,49.8,/home/caixq/project/LLM_EVAL/eval_results/OPRA-LoRA_think-boxed/json/Qwen2_5_math_7B_vanilla/Qwen2.5-math-7B_vanilla__global_step_300/g1/aime24x8/test_think-boxed_-1_seed0_t0.6_s0_e-1_think-boxed_metrics.json,eval_root
k,aime24x8,16,Qwen2.5-math-7B_vanilla,LoRA,300,55.1,55.1,/home/caixq/project/LLM_EVAL/eval_results/OPRA-LoRA_think-boxed/json/Qwen2_5_math_7B_vanilla/Qwen2.5-math-7B_vanilla__global_step_300/g1/aime24x8/test_think-boxed_-1_seed0_t0.6_s0_e-1_think-boxed_metrics.json,eval_root
k,aime24x8,32,Qwen2.5-math-7B_vanilla,LoRA,300,59.9,59.9,/home/caixq/project/LLM_EVAL/eval_results/OPRA-LoRA_think-boxed/json/Qwen2_5_math_7B_vanilla/Qwen2.5-math-7B_vanilla__global_step_300/g1/aime24x8/test_think-boxed_-1_seed0_t0.6_s0_e-1_think-boxed_metrics.json,eval_root
k,aime24x8,64,Qwen2.5-math-7B_vanilla,LoRA,300,63.8,63.8,/home/caixq/project/LLM_EVAL/eval_results/OPRA-LoRA_think-boxed/json/Qwen2_5_math_7B_vanilla/Qwen2.5-math-7B_vanilla__global_step_300/g1/aime24x8/test_think-boxed_-1_seed0_t0.6_s0_e-1_think-boxed_metrics.json,eval_root
k,aime24x8,128,Qwen2.5-math-7B_vanilla,LoRA,300,67.5,67.5,/home/caixq/project/LLM_EVAL/eval_results/OPRA-LoRA_think-boxed/json/Qwen2_5_math_7B_vanilla/Qwen2.5-math-7B_vanilla__global_step_300/g1/aime24x8/test_think-boxed_-1_seed0_t0.6_s0_e-1_think-boxed_metrics.json,eval_root
k,aime24x8,1,ver_rule_grpo_nocurl_Qwen2.5-math-7B,FFT,300,29.2,29.2,/home/caixq/project/LLM_EVAL/eval_results/OPRA-LoRA_think-boxed/json/ver_rule_grpo_Qwen2.5-math-7B/ver_rule_grpo_nocurl_Qwen2.5-math-7B__global_step_300/g1/aime24x8/test_think-boxed_-1_seed0_t0.6_s0_e-1_think-boxed_metrics.json,eval_root
k,aime24x8,8,ver_rule_grpo_nocurl_Qwen2.5-math-7B,FFT,300,50.0,50.0,/home/caixq/project/LLM_EVAL/eval_results/OPRA-LoRA_think-boxed/json/ver_rule_grpo_Qwen2.5-math-7B/ver_rule_grpo_nocurl_Qwen2.5-math-7B__global_step_300/g1/aime24x8/test_think-boxed_-1_seed0_t0.6_s0_e-1_think-boxed_metrics.json,eval_root
k,aime24x8,1,Qwen2.5-math-7B_opra_opra,RCA (Ours),300,30.1,30.1,/home/caixq/project/LLM_EVAL/eval_results/OPRA-LoRA_think-boxed/json/Qwen2_5_math_7B_opra_opra/Qwen2.5-math-7B_opra_opra__global_step_300/g1/aime24x8/test_think-boxed_-1_seed0_t0.6_s0_e-1_think-boxed_metrics.json,eval_root
k,aime24x8,8,Qwen2.5-math-7B_opra_opra,RCA (Ours),100,51.4,51.4,/home/caixq/project/LLM_EVAL/eval_results/OPRA-LoRA_think-boxed/json/Qwen2_5_math_7B_opra_opra/Qwen2.5-math-7B_opra_opra__global_step_100/g1/aime24x8/test_think-boxed_-1_seed0_t0.6_s0_e-1_think-boxed_metrics.json,eval_root
k,aime24x8,16,Qwen2.5-math-7B_opra_opra,RCA (Ours),100,56.7,56.7,/home/caixq/project/LLM_EVAL/eval_results/OPRA-LoRA_think-boxed/json/Qwen2_5_math_7B_opra_opra/Qwen2.5-math-7B_opra_opra__global_step_100/g1/aime24x8/test_think-boxed_-1_seed0_t0.6_s0_e-1_think-boxed_metrics.json,eval_root
k,aime24x8,32,Qwen2.5-math-7B_opra_opra,RCA (Ours),100,61.9,61.9,/home/caixq/project/LLM_EVAL/eval_results/OPRA-LoRA_think-boxed/json/Qwen2_5_math_7B_opra_opra/Qwen2.5-math-7B_opra_opra__global_step_100/g1/aime24x8/test_think-boxed_-1_seed0_t0.6_s0_e-1_think-boxed_metrics.json,eval_root
k,aime24x8,64,Qwen2.5-math-7B_opra_opra,RCA (Ours),100,67.2,67.2,/home/caixq/project/LLM_EVAL/eval_results/OPRA-LoRA_think-boxed/json/Qwen2_5_math_7B_opra_opra/Qwen2.5-math-7B_opra_opra__global_step_100/g1/aime24x8/test_think-boxed_-1_seed0_t0.6_s0_e-1_think-boxed_metrics.json,eval_root
k,aime24x8,128,Qwen2.5-math-7B_opra_opra,RCA (Ours),100,73.3,73.3,/home/caixq/project/LLM_EVAL/eval_results/OPRA-LoRA_think-boxed/json/Qwen2_5_math_7B_opra_opra/Qwen2.5-math-7B_opra_opra__global_step_100/g1/aime24x8/test_think-boxed_-1_seed0_t0.6_s0_e-1_think-boxed_metrics.json,eval_root
k,aime24x8,1,Qwen2.5-math-7B_rslora,RSLoRA,300,29.0,29.0,/home/caixq/project/LLM_EVAL/eval_results/OPRA-LoRA_think-boxed/json/Qwen2_5_math_7B_rslora/Qwen2.5-math-7B_rslora__global_step_300/g1/aime24x8/test_think-boxed_-1_seed0_t0.6_s0_e-1_think-boxed_metrics.json,eval_root
k,aime24x8,8,Qwen2.5-math-7B_rslora,RSLoRA,300,48.2,48.2,/home/caixq/project/LLM_EVAL/eval_results/OPRA-LoRA_think-boxed/json/Qwen2_5_math_7B_rslora/Qwen2.5-math-7B_rslora__global_step_300/g1/aime24x8/test_think-boxed_-1_seed0_t0.6_s0_e-1_think-boxed_metrics.json,eval_root
k,aime24x8,16,Qwen2.5-math-7B_rslora,RSLoRA,300,53.9,53.9,/home/caixq/project/LLM_EVAL/eval_results/OPRA-LoRA_think-boxed/json/Qwen2_5_math_7B_rslora/Qwen2.5-math-7B_rslora__global_step_300/g1/aime24x8/test_think-boxed_-1_seed0_t0.6_s0_e-1_think-boxed_metrics.json,eval_root
k,aime24x8,32,Qwen2.5-math-7B_rslora,RSLoRA,300,59.5,59.5,/home/caixq/project/LLM_EVAL/eval_results/OPRA-LoRA_think-boxed/json/Qwen2_5_math_7B_rslora/Qwen2.5-math-7B_rslora__global_step_300/g1/aime24x8/test_think-boxed_-1_seed0_t0.6_s0_e-1_think-boxed_metrics.json,eval_root
k,aime24x8,64,Qwen2.5-math-7B_rslora,RSLoRA,300,65.2,65.2,/home/caixq/project/LLM_EVAL/eval_results/OPRA-LoRA_think-boxed/json/Qwen2_5_math_7B_rslora/Qwen2.5-math-7B_rslora__global_step_300/g1/aime24x8/test_think-boxed_-1_seed0_t0.6_s0_e-1_think-boxed_metrics.json,eval_root
k,aime24x8,128,Qwen2.5-math-7B_rslora,RSLoRA,300,72.1,72.1,/home/caixq/project/LLM_EVAL/eval_results/OPRA-LoRA_think-boxed/json/Qwen2_5_math_7B_rslora/Qwen2.5-math-7B_rslora__global_step_300/g1/aime24x8/test_think-boxed_-1_seed0_t0.6_s0_e-1_think-boxed_metrics.json,eval_root
k,aime24x8,1,Qwen2.5-math-7B_adalora,AdaLoRA,300,20.0,20.0,/home/caixq/project/LLM_EVAL/eval_results/OPRA-LoRA_think-boxed/json/Qwen2_5_math_7B_adalora/Qwen2.5-math-7B_adalora__global_step_300/g1/aime24x8/test_think-boxed_-1_seed0_t0.6_s0_e-1_think-boxed_metrics.json,eval_root
k,aime24x8,8,Qwen2.5-math-7B_adalora,AdaLoRA,300,45.4,45.4,/home/caixq/project/LLM_EVAL/eval_results/OPRA-LoRA_think-boxed/json/Qwen2_5_math_7B_adalora/Qwen2.5-math-7B_adalora__global_step_300/g1/aime24x8/test_think-boxed_-1_seed0_t0.6_s0_e-1_think-boxed_metrics.json,eval_root
k,aime24x8,16,Qwen2.5-math-7B_adalora,AdaLoRA,300,51.0,51.0,/home/caixq/project/LLM_EVAL/eval_results/OPRA-LoRA_think-boxed/json/Qwen2_5_math_7B_adalora/Qwen2.5-math-7B_adalora__global_step_300/g1/aime24x8/test_think-boxed_-1_seed0_t0.6_s0_e-1_think-boxed_metrics.json,eval_root
k,aime24x8,32,Qwen2.5-math-7B_adalora,AdaLoRA,300,55.9,55.9,/home/caixq/project/LLM_EVAL/eval_results/OPRA-LoRA_think-boxed/json/Qwen2_5_math_7B_adalora/Qwen2.5-math-7B_adalora__global_step_300/g1/aime24x8/test_think-boxed_-1_seed0_t0.6_s0_e-1_think-boxed_metrics.json,eval_root
k,aime24x8,64,Qwen2.5-math-7B_adalora,AdaLoRA,300,61.0,61.0,/home/caixq/project/LLM_EVAL/eval_results/OPRA-LoRA_think-boxed/json/Qwen2_5_math_7B_adalora/Qwen2.5-math-7B_adalora__global_step_300/g1/aime24x8/test_think-boxed_-1_seed0_t0.6_s0_e-1_think-boxed_metrics.json,eval_root
k,aime24x8,128,Qwen2.5-math-7B_adalora,AdaLoRA,300,66.2,66.2,/home/caixq/project/LLM_EVAL/eval_results/OPRA-LoRA_think-boxed/json/Qwen2_5_math_7B_adalora/Qwen2.5-math-7B_adalora__global_step_300/g1/aime24x8/test_think-boxed_-1_seed0_t0.6_s0_e-1_think-boxed_metrics.json,eval_root
k,aime24x8,1,Qwen2.5-math-7B_olora,OLoRA,200,0.0,0.0,/home/caixq/project/LLM_EVAL/eval_results/OPRA-LoRA_think-boxed/json/Qwen2_5_math_7B_olora/Qwen2.5-math-7B_olora__global_step_200/g1/aime24x8/test_think-boxed_-1_seed0_t0.6_s0_e-1_think-boxed_metrics.json,eval_root
k,aime24x8,8,Qwen2.5-math-7B_olora,OLoRA,200,0.0,0.0,/home/caixq/project/LLM_EVAL/eval_results/OPRA-LoRA_think-boxed/json/Qwen2_5_math_7B_olora/Qwen2.5-math-7B_olora__global_step_200/g1/aime24x8/test_think-boxed_-1_seed0_t0.6_s0_e-1_think-boxed_metrics.json,eval_root
k,aime24x8,16,Qwen2.5-math-7B_olora,OLoRA,200,0.0,0.0,/home/caixq/project/LLM_EVAL/eval_results/OPRA-LoRA_think-boxed/json/Qwen2_5_math_7B_olora/Qwen2.5-math-7B_olora__global_step_200/g1/aime24x8/test_think-boxed_-1_seed0_t0.6_s0_e-1_think-boxed_metrics.json,eval_root
k,aime24x8,32,Qwen2.5-math-7B_olora,OLoRA,200,0.0,0.0,/home/caixq/project/LLM_EVAL/eval_results/OPRA-LoRA_think-boxed/json/Qwen2_5_math_7B_olora/Qwen2.5-math-7B_olora__global_step_200/g1/aime24x8/test_think-boxed_-1_seed0_t0.6_s0_e-1_think-boxed_metrics.json,eval_root
k,aime24x8,64,Qwen2.5-math-7B_olora,OLoRA,200,0.0,0.0,/home/caixq/project/LLM_EVAL/eval_results/OPRA-LoRA_think-boxed/json/Qwen2_5_math_7B_olora/Qwen2.5-math-7B_olora__global_step_200/g1/aime24x8/test_think-boxed_-1_seed0_t0.6_s0_e-1_think-boxed_metrics.json,eval_root
k,aime24x8,128,Qwen2.5-math-7B_olora,OLoRA,200,0.0,0.0,/home/caixq/project/LLM_EVAL/eval_results/OPRA-LoRA_think-boxed/json/Qwen2_5_math_7B_olora/Qwen2.5-math-7B_olora__global_step_200/g1/aime24x8/test_think-boxed_-1_seed0_t0.6_s0_e-1_think-boxed_metrics.json,eval_root
k,amc23x8,1,Qwen2.5-math-7B_pissa,PiSSA,300,1.5,1.5,/home/caixq/project/LLM_EVAL/eval_results/OPRA-LoRA_think-boxed/json/Qwen2_5_math_7B_pissa/Qwen2.5-math-7B_pissa__global_step_300/g1/amc23x8/test_think-boxed_-1_seed0_t0.6_s0_e-1_think-boxed_metrics.json,eval_root
k,amc23x8,8,Qwen2.5-math-7B_pissa,PiSSA,300,9.6,9.6,/home/caixq/project/LLM_EVAL/eval_results/OPRA-LoRA_think-boxed/json/Qwen2_5_math_7B_pissa/Qwen2.5-math-7B_pissa__global_step_300/g1/amc23x8/test_think-boxed_-1_seed0_t0.6_s0_e-1_think-boxed_metrics.json,eval_root
k,amc23x8,16,Qwen2.5-math-7B_pissa,PiSSA,300,15.5,15.5,/home/caixq/project/LLM_EVAL/eval_results/OPRA-LoRA_think-boxed/json/Qwen2_5_math_7B_pissa/Qwen2.5-math-7B_pissa__global_step_300/g1/amc23x8/test_think-boxed_-1_seed0_t0.6_s0_e-1_think-boxed_metrics.json,eval_root
k,amc23x8,32,Qwen2.5-math-7B_pissa,PiSSA,300,22.3,22.3,/home/caixq/project/LLM_EVAL/eval_results/OPRA-LoRA_think-boxed/json/Qwen2_5_math_7B_pissa/Qwen2.5-math-7B_pissa__global_step_300/g1/amc23x8/test_think-boxed_-1_seed0_t0.6_s0_e-1_think-boxed_metrics.json,eval_root
k,amc23x8,64,Qwen2.5-math-7B_pissa,PiSSA,300,29.6,29.6,/home/caixq/project/LLM_EVAL/eval_results/OPRA-LoRA_think-boxed/json/Qwen2_5_math_7B_pissa/Qwen2.5-math-7B_pissa__global_step_300/g1/amc23x8/test_think-boxed_-1_seed0_t0.6_s0_e-1_think-boxed_metrics.json,eval_root
k,amc23x8,128,Qwen2.5-math-7B_pissa,PiSSA,300,39.1,39.1,/home/caixq/project/LLM_EVAL/eval_results/OPRA-LoRA_think-boxed/json/Qwen2_5_math_7B_pissa/Qwen2.5-math-7B_pissa__global_step_300/g1/amc23x8/test_think-boxed_-1_seed0_t0.6_s0_e-1_think-boxed_metrics.json,eval_root
k,amc23x8,1,Base Model,Base Model,-1,44.4,44.4,/home/caixq/project/LLM_EVAL/eval_results/OPRA-LoRA_think-boxed/json/base__Qwen2.5-math-7B/g1/amc23x8/test_qwen25-math-cot_-1_seed0_t0.6_s0_e-1_think-boxed_metrics.json,eval_root
k,amc23x8,8,Base Model,Base Model,-1,81.9,81.9,/home/caixq/project/LLM_EVAL/eval_results/OPRA-LoRA_think-boxed/json/base__Qwen2.5-math-7B/g1/amc23x8/test_qwen25-math-cot_-1_seed0_t0.6_s0_e-1_think-boxed_metrics.json,eval_root
k,amc23x8,1,Qwen2.5-math-7B_vanilla,LoRA,300,61.5,61.5,/home/caixq/project/LLM_EVAL/eval_results/OPRA-LoRA_think-boxed/json/Qwen2_5_math_7B_vanilla/Qwen2.5-math-7B_vanilla__global_step_300/g1/amc23x8/test_think-boxed_-1_seed0_t0.6_s0_e-1_think-boxed_metrics.json,eval_root
k,amc23x8,8,Qwen2.5-math-7B_vanilla,LoRA,300,82.6,82.6,/home/caixq/project/LLM_EVAL/eval_results/OPRA-LoRA_think-boxed/json/Qwen2_5_math_7B_vanilla/Qwen2.5-math-7B_vanilla__global_step_300/g1/amc23x8/test_think-boxed_-1_seed0_t0.6_s0_e-1_think-boxed_metrics.json,eval_root
k,amc23x8,16,Qwen2.5-math-7B_vanilla,LoRA,300,87.7,87.7,/home/caixq/project/LLM_EVAL/eval_results/OPRA-LoRA_think-boxed/json/Qwen2_5_math_7B_vanilla/Qwen2.5-math-7B_vanilla__global_step_300/g1/amc23x8/test_think-boxed_-1_seed0_t0.6_s0_e-1_think-boxed_metrics.json,eval_root
k,amc23x8,32,Qwen2.5-math-7B_vanilla,LoRA,300,92.6,92.6,/home/caixq/project/LLM_EVAL/eval_results/OPRA-LoRA_think-boxed/json/Qwen2_5_math_7B_vanilla/Qwen2.5-math-7B_vanilla__global_step_300/g1/amc23x8/test_think-boxed_-1_seed0_t0.6_s0_e-1_think-boxed_metrics.json,eval_root
k,amc23x8,64,Qwen2.5-math-7B_vanilla,LoRA,300,96.6,96.6,/home/caixq/project/LLM_EVAL/eval_results/OPRA-LoRA_think-boxed/json/Qwen2_5_math_7B_vanilla/Qwen2.5-math-7B_vanilla__global_step_300/g1/amc23x8/test_think-boxed_-1_seed0_t0.6_s0_e-1_think-boxed_metrics.json,eval_root
k,amc23x8,128,Qwen2.5-math-7B_vanilla,LoRA,300,99.1,99.1,/home/caixq/project/LLM_EVAL/eval_results/OPRA-LoRA_think-boxed/json/Qwen2_5_math_7B_vanilla/Qwen2.5-math-7B_vanilla__global_step_300/g1/amc23x8/test_think-boxed_-1_seed0_t0.6_s0_e-1_think-boxed_metrics.json,eval_root
k,amc23x8,1,ver_rule_grpo_nocurl_Qwen2.5-math-7B,FFT,300,62.8,62.8,/home/caixq/project/LLM_EVAL/eval_results/OPRA-LoRA_think-boxed/json/ver_rule_grpo_Qwen2.5-math-7B/ver_rule_grpo_nocurl_Qwen2.5-math-7B__global_step_300/g1/amc23x8/test_think-boxed_-1_seed0_t0.6_s0_e-1_think-boxed_metrics.json,eval_root
k,amc23x8,8,ver_rule_grpo_nocurl_Qwen2.5-math-7B,FFT,300,83.4,83.4,/home/caixq/project/LLM_EVAL/eval_results/OPRA-LoRA_think-boxed/json/ver_rule_grpo_Qwen2.5-math-7B/ver_rule_grpo_nocurl_Qwen2.5-math-7B__global_step_300/g1/amc23x8/test_think-boxed_-1_seed0_t0.6_s0_e-1_think-boxed_metrics.json,eval_root
k,amc23x8,1,Qwen2.5-math-7B_opra_opra,RCA (Ours),300,64.4,64.4,/home/caixq/project/LLM_EVAL/eval_results/OPRA-LoRA_think-boxed/json/Qwen2_5_math_7B_opra_opra/Qwen2.5-math-7B_opra_opra__global_step_300/g1/amc23x8/test_think-boxed_-1_seed0_t0.6_s0_e-1_think-boxed_metrics.json,eval_root
k,amc23x8,8,Qwen2.5-math-7B_opra_opra,RCA (Ours),100,84.4,84.4,/home/caixq/project/LLM_EVAL/eval_results/OPRA-LoRA_think-boxed/json/Qwen2_5_math_7B_opra_opra/Qwen2.5-math-7B_opra_opra__global_step_100/g1/amc23x8/test_think-boxed_-1_seed0_t0.6_s0_e-1_think-boxed_metrics.json,eval_root
k,amc23x8,16,Qwen2.5-math-7B_opra_opra,RCA (Ours),100,89.4,89.4,/home/caixq/project/LLM_EVAL/eval_results/OPRA-LoRA_think-boxed/json/Qwen2_5_math_7B_opra_opra/Qwen2.5-math-7B_opra_opra__global_step_100/g1/amc23x8/test_think-boxed_-1_seed0_t0.6_s0_e-1_think-boxed_metrics.json,eval_root
k,amc23x8,32,Qwen2.5-math-7B_opra_opra,RCA (Ours),100,93.7,93.7,/home/caixq/project/LLM_EVAL/eval_results/OPRA-LoRA_think-boxed/json/Qwen2_5_math_7B_opra_opra/Qwen2.5-math-7B_opra_opra__global_step_100/g1/amc23x8/test_think-boxed_-1_seed0_t0.6_s0_e-1_think-boxed_metrics.json,eval_root
k,amc23x8,64,Qwen2.5-math-7B_opra_opra,RCA (Ours),100,96.9,96.9,/home/caixq/project/LLM_EVAL/eval_results/OPRA-LoRA_think-boxed/json/Qwen2_5_math_7B_opra_opra/Qwen2.5-math-7B_opra_opra__global_step_100/g1/amc23x8/test_think-boxed_-1_seed0_t0.6_s0_e-1_think-boxed_metrics.json,eval_root
k,amc23x8,128,Qwen2.5-math-7B_opra_opra,RCA (Ours),100,99.1,99.1,/home/caixq/project/LLM_EVAL/eval_results/OPRA-LoRA_think-boxed/json/Qwen2_5_math_7B_opra_opra/Qwen2.5-math-7B_opra_opra__global_step_100/g1/amc23x8/test_think-boxed_-1_seed0_t0.6_s0_e-1_think-boxed_metrics.json,eval_root
k,amc23x8,1,Qwen2.5-math-7B_rslora,RSLoRA,300,61.8,61.8,/home/caixq/project/LLM_EVAL/eval_results/OPRA-LoRA_think-boxed/json/Qwen2_5_math_7B_rslora/Qwen2.5-math-7B_rslora__global_step_300/g1/amc23x8/test_think-boxed_-1_seed0_t0.6_s0_e-1_think-boxed_metrics.json,eval_root
k,amc23x8,8,Qwen2.5-math-7B_rslora,RSLoRA,300,85.6,85.6,/home/caixq/project/LLM_EVAL/eval_results/OPRA-LoRA_think-boxed/json/Qwen2_5_math_7B_rslora/Qwen2.5-math-7B_rslora__global_step_300/g1/amc23x8/test_think-boxed_-1_seed0_t0.6_s0_e-1_think-boxed_metrics.json,eval_root
k,amc23x8,16,Qwen2.5-math-7B_rslora,RSLoRA,300,89.2,89.2,/home/caixq/project/LLM_EVAL/eval_results/OPRA-LoRA_think-boxed/json/Qwen2_5_math_7B_rslora/Qwen2.5-math-7B_rslora__global_step_300/g1/amc23x8/test_think-boxed_-1_seed0_t0.6_s0_e-1_think-boxed_metrics.json,eval_root
k,amc23x8,32,Qwen2.5-math-7B_rslora,RSLoRA,300,91.6,91.6,/home/caixq/project/LLM_EVAL/eval_results/OPRA-LoRA_think-boxed/json/Qwen2_5_math_7B_rslora/Qwen2.5-math-7B_rslora__global_step_300/g1/amc23x8/test_think-boxed_-1_seed0_t0.6_s0_e-1_think-boxed_metrics.json,eval_root
k,amc23x8,64,Qwen2.5-math-7B_rslora,RSLoRA,300,93.6,93.6,/home/caixq/project/LLM_EVAL/eval_results/OPRA-LoRA_think-boxed/json/Qwen2_5_math_7B_rslora/Qwen2.5-math-7B_rslora__global_step_300/g1/amc23x8/test_think-boxed_-1_seed0_t0.6_s0_e-1_think-boxed_metrics.json,eval_root
k,amc23x8,128,Qwen2.5-math-7B_rslora,RSLoRA,300,95.6,95.6,/home/caixq/project/LLM_EVAL/eval_results/OPRA-LoRA_think-boxed/json/Qwen2_5_math_7B_rslora/Qwen2.5-math-7B_rslora__global_step_300/g1/amc23x8/test_think-boxed_-1_seed0_t0.6_s0_e-1_think-boxed_metrics.json,eval_root
k,amc23x8,1,Qwen2.5-math-7B_adalora,AdaLoRA,300,56.6,56.6,/home/caixq/project/LLM_EVAL/eval_results/OPRA-LoRA_think-boxed/json/Qwen2_5_math_7B_adalora/Qwen2.5-math-7B_adalora__global_step_300/g1/amc23x8/test_think-boxed_-1_seed0_t0.6_s0_e-1_think-boxed_metrics.json,eval_root
k,amc23x8,8,Qwen2.5-math-7B_adalora,AdaLoRA,300,83.3,83.3,/home/caixq/project/LLM_EVAL/eval_results/OPRA-LoRA_think-boxed/json/Qwen2_5_math_7B_adalora/Qwen2.5-math-7B_adalora__global_step_300/g1/amc23x8/test_think-boxed_-1_seed0_t0.6_s0_e-1_think-boxed_metrics.json,eval_root
k,amc23x8,16,Qwen2.5-math-7B_adalora,AdaLoRA,300,87.9,87.9,/home/caixq/project/LLM_EVAL/eval_results/OPRA-LoRA_think-boxed/json/Qwen2_5_math_7B_adalora/Qwen2.5-math-7B_adalora__global_step_300/g1/amc23x8/test_think-boxed_-1_seed0_t0.6_s0_e-1_think-boxed_metrics.json,eval_root
k,amc23x8,32,Qwen2.5-math-7B_adalora,AdaLoRA,300,92.2,92.2,/home/caixq/project/LLM_EVAL/eval_results/OPRA-LoRA_think-boxed/json/Qwen2_5_math_7B_adalora/Qwen2.5-math-7B_adalora__global_step_300/g1/amc23x8/test_think-boxed_-1_seed0_t0.6_s0_e-1_think-boxed_metrics.json,eval_root
k,amc23x8,64,Qwen2.5-math-7B_adalora,AdaLoRA,300,95.7,95.7,/home/caixq/project/LLM_EVAL/eval_results/OPRA-LoRA_think-boxed/json/Qwen2_5_math_7B_adalora/Qwen2.5-math-7B_adalora__global_step_300/g1/amc23x8/test_think-boxed_-1_seed0_t0.6_s0_e-1_think-boxed_metrics.json,eval_root
k,amc23x8,128,Qwen2.5-math-7B_adalora,AdaLoRA,300,98.1,98.1,/home/caixq/project/LLM_EVAL/eval_results/OPRA-LoRA_think-boxed/json/Qwen2_5_math_7B_adalora/Qwen2.5-math-7B_adalora__global_step_300/g1/amc23x8/test_think-boxed_-1_seed0_t0.6_s0_e-1_think-boxed_metrics.json,eval_root
k,amc23x8,1,Qwen2.5-math-7B_olora,OLoRA,200,0.6,0.6,/home/caixq/project/LLM_EVAL/eval_results/OPRA-LoRA_think-boxed/json/Qwen2_5_math_7B_olora/Qwen2.5-math-7B_olora__global_step_200/g1/amc23x8/test_think-boxed_-1_seed0_t0.6_s0_e-1_think-boxed_metrics.json,eval_root
k,amc23x8,8,Qwen2.5-math-7B_olora,OLoRA,200,2.4,2.4,/home/caixq/project/LLM_EVAL/eval_results/OPRA-LoRA_think-boxed/json/Qwen2_5_math_7B_olora/Qwen2.5-math-7B_olora__global_step_200/g1/amc23x8/test_think-boxed_-1_seed0_t0.6_s0_e-1_think-boxed_metrics.json,eval_root
k,amc23x8,16,Qwen2.5-math-7B_olora,OLoRA,200,2.9,2.9,/home/caixq/project/LLM_EVAL/eval_results/OPRA-LoRA_think-boxed/json/Qwen2_5_math_7B_olora/Qwen2.5-math-7B_olora__global_step_200/g1/amc23x8/test_think-boxed_-1_seed0_t0.6_s0_e-1_think-boxed_metrics.json,eval_root
k,amc23x8,32,Qwen2.5-math-7B_olora,OLoRA,200,3.4,3.4,/home/caixq/project/LLM_EVAL/eval_results/OPRA-LoRA_think-boxed/json/Qwen2_5_math_7B_olora/Qwen2.5-math-7B_olora__global_step_200/g1/amc23x8/test_think-boxed_-1_seed0_t0.6_s0_e-1_think-boxed_metrics.json,eval_root
k,amc23x8,64,Qwen2.5-math-7B_olora,OLoRA,200,4.4,4.4,/home/caixq/project/LLM_EVAL/eval_results/OPRA-LoRA_think-boxed/json/Qwen2_5_math_7B_olora/Qwen2.5-math-7B_olora__global_step_200/g1/amc23x8/test_think-boxed_-1_seed0_t0.6_s0_e-1_think-boxed_metrics.json,eval_root
k,amc23x8,128,Qwen2.5-math-7B_olora,OLoRA,200,6.2,6.2,/home/caixq/project/LLM_EVAL/eval_results/OPRA-LoRA_think-boxed/json/Qwen2_5_math_7B_olora/Qwen2.5-math-7B_olora__global_step_200/g1/amc23x8/test_think-boxed_-1_seed0_t0.6_s0_e-1_think-boxed_metrics.json,eval_root
k,minerva_math,1,Qwen2.5-math-7B_vanilla,LoRA,300,20.9,20.9,/home/caixq/project/LLM_EVAL/eval_results/OPRA-LoRA_think-boxed/json/Qwen2_5_math_7B_vanilla/Qwen2.5-math-7B_vanilla__global_step_300/g2/minerva_math/test_think-boxed_-1_seed0_t0.8_s0_e-1_think-boxed_metrics.json,eval_root
k,minerva_math,8,Qwen2.5-math-7B_vanilla,LoRA,300,38.1,38.1,/home/caixq/project/LLM_EVAL/eval_results/OPRA-LoRA_think-boxed/json/Qwen2_5_math_7B_vanilla/Qwen2.5-math-7B_vanilla__global_step_300/g2/minerva_math/test_think-boxed_-1_seed0_t0.8_s0_e-1_think-boxed_metrics.json,eval_root
k,minerva_math,16,Qwen2.5-math-7B_vanilla,LoRA,300,43.2,43.2,/home/caixq/project/LLM_EVAL/eval_results/OPRA-LoRA_think-boxed/json/Qwen2_5_math_7B_vanilla/Qwen2.5-math-7B_vanilla__global_step_300/g2/minerva_math/test_think-boxed_-1_seed0_t0.8_s0_e-1_think-boxed_metrics.json,eval_root
k,minerva_math,32,Qwen2.5-math-7B_vanilla,LoRA,300,47.9,47.9,/home/caixq/project/LLM_EVAL/eval_results/OPRA-LoRA_think-boxed/json/Qwen2_5_math_7B_vanilla/Qwen2.5-math-7B_vanilla__global_step_300/g2/minerva_math/test_think-boxed_-1_seed0_t0.8_s0_e-1_think-boxed_metrics.json,eval_root
k,minerva_math,64,Qwen2.5-math-7B_vanilla,LoRA,300,52.3,52.3,/home/caixq/project/LLM_EVAL/eval_results/OPRA-LoRA_think-boxed/json/Qwen2_5_math_7B_vanilla/Qwen2.5-math-7B_vanilla__global_step_300/g2/minerva_math/test_think-boxed_-1_seed0_t0.8_s0_e-1_think-boxed_metrics.json,eval_root
k,minerva_math,128,Qwen2.5-math-7B_vanilla,LoRA,300,56.6,56.6,/home/caixq/project/LLM_EVAL/eval_results/OPRA-LoRA_think-boxed/json/Qwen2_5_math_7B_vanilla/Qwen2.5-math-7B_vanilla__global_step_300/g2/minerva_math/test_think-boxed_-1_seed0_t0.8_s0_e-1_think-boxed_metrics.json,eval_root
k,minerva_math,1,Base Model,Base Model,-1,9.8,9.8,/home/caixq/project/LLM_EVAL/eval_results/OPRA-LoRA_think-boxed/json/base__Qwen2.5-math-7B/g2/minerva_math/test_qwen25-math-cot_-1_seed0_t0.0_s0_e-1_think-boxed_metrics.json,eval_root
k,minerva_math,8,Base Model,Base Model,-1,11.8,11.8,/home/caixq/project/LLM_EVAL/eval_results/OPRA-LoRA_think-boxed/json/base__Qwen2.5-math-7B/g2/minerva_math/test_qwen25-math-cot_-1_seed0_t0.0_s0_e-1_think-boxed_metrics.json,eval_root
k,minerva_math,1,ver_rule_grpo_nocurl_Qwen2.5-math-7B,FFT,300,24.0,24.0,/home/caixq/project/LLM_EVAL/eval_results/OPRA-LoRA_think-boxed/json/ver_rule_grpo_Qwen2.5-math-7B/ver_rule_grpo_nocurl_Qwen2.5-math-7B__global_step_300/g2/minerva_math/test_think-boxed_-1_seed0_t0.0_s0_e-1_think-boxed_metrics.json,eval_root
k,minerva_math,8,ver_rule_grpo_nocurl_Qwen2.5-math-7B,FFT,300,28.3,28.3,/home/caixq/project/LLM_EVAL/eval_results/OPRA-LoRA_think-boxed/json/ver_rule_grpo_Qwen2.5-math-7B/ver_rule_grpo_nocurl_Qwen2.5-math-7B__global_step_300/g2/minerva_math/test_think-boxed_-1_seed0_t0.0_s0_e-1_think-boxed_metrics.json,eval_root
k,olympiadbench,1,Qwen2.5-math-7B_vanilla,LoRA,300,36.3,36.3,/home/caixq/project/LLM_EVAL/eval_results/OPRA-LoRA_think-boxed/json/Qwen2_5_math_7B_vanilla/Qwen2.5-math-7B_vanilla__global_step_300/g2/olympiadbench/test_think-boxed_-1_seed0_t0.8_s0_e-1_think-boxed_metrics.json,eval_root
k,olympiadbench,8,Qwen2.5-math-7B_vanilla,LoRA,300,55.1,55.1,/home/caixq/project/LLM_EVAL/eval_results/OPRA-LoRA_think-boxed/json/Qwen2_5_math_7B_vanilla/Qwen2.5-math-7B_vanilla__global_step_300/g2/olympiadbench/test_think-boxed_-1_seed0_t0.8_s0_e-1_think-boxed_metrics.json,eval_root
k,olympiadbench,16,Qwen2.5-math-7B_vanilla,LoRA,300,59.6,59.6,/home/caixq/project/LLM_EVAL/eval_results/OPRA-LoRA_think-boxed/json/Qwen2_5_math_7B_vanilla/Qwen2.5-math-7B_vanilla__global_step_300/g2/olympiadbench/test_think-boxed_-1_seed0_t0.8_s0_e-1_think-boxed_metrics.json,eval_root
k,olympiadbench,32,Qwen2.5-math-7B_vanilla,LoRA,300,63.4,63.4,/home/caixq/project/LLM_EVAL/eval_results/OPRA-LoRA_think-boxed/json/Qwen2_5_math_7B_vanilla/Qwen2.5-math-7B_vanilla__global_step_300/g2/olympiadbench/test_think-boxed_-1_seed0_t0.8_s0_e-1_think-boxed_metrics.json,eval_root
k,olympiadbench,64,Qwen2.5-math-7B_vanilla,LoRA,300,66.7,66.7,/home/caixq/project/LLM_EVAL/eval_results/OPRA-LoRA_think-boxed/json/Qwen2_5_math_7B_vanilla/Qwen2.5-math-7B_vanilla__global_step_300/g2/olympiadbench/test_think-boxed_-1_seed0_t0.8_s0_e-1_think-boxed_metrics.json,eval_root
k,olympiadbench,128,Qwen2.5-math-7B_vanilla,LoRA,300,69.5,69.5,/home/caixq/project/LLM_EVAL/eval_results/OPRA-LoRA_think-boxed/json/Qwen2_5_math_7B_vanilla/Qwen2.5-math-7B_vanilla__global_step_300/g2/olympiadbench/test_think-boxed_-1_seed0_t0.8_s0_e-1_think-boxed_metrics.json,eval_root
k,olympiadbench,1,Base Model,Base Model,-1,26.4,26.4,/home/caixq/project/LLM_EVAL/eval_results/OPRA-LoRA_think-boxed/json/base__Qwen2.5-math-7B/g2/olympiadbench/test_qwen25-math-cot_-1_seed0_t0.0_s0_e-1_think-boxed_metrics.json,eval_root
k,olympiadbench,8,Base Model,Base Model,-1,33.9,33.9,/home/caixq/project/LLM_EVAL/eval_results/OPRA-LoRA_think-boxed/json/base__Qwen2.5-math-7B/g2/olympiadbench/test_qwen25-math-cot_-1_seed0_t0.0_s0_e-1_think-boxed_metrics.json,eval_root
k,olympiadbench,1,ver_rule_grpo_nocurl_Qwen2.5-math-7B,FFT,300,37.8,37.8,/home/caixq/project/LLM_EVAL/eval_results/OPRA-LoRA_think-boxed/json/ver_rule_grpo_Qwen2.5-math-7B/ver_rule_grpo_nocurl_Qwen2.5-math-7B__global_step_300/g2/olympiadbench/test_think-boxed_-1_seed0_t0.0_s0_e-1_think-boxed_metrics.json,eval_root
k,olympiadbench,8,ver_rule_grpo_nocurl_Qwen2.5-math-7B,FFT,300,45.8,45.8,/home/caixq/project/LLM_EVAL/eval_results/OPRA-LoRA_think-boxed/json/ver_rule_grpo_Qwen2.5-math-7B/ver_rule_grpo_nocurl_Qwen2.5-math-7B__global_step_300/g2/olympiadbench/test_think-boxed_-1_seed0_t0.0_s0_e-1_think-boxed_metrics.json,eval_root
k,math500,1,Base Model,Base Model,-1,62.0,62.0,/home/caixq/project/LLM_EVAL/eval_results/OPRA-LoRA_think-boxed/json/base__Qwen2.5-math-7B/g2/math500/test_qwen25-math-cot_-1_seed0_t0.0_s0_e-1_think-boxed_metrics.json,eval_root
k,math500,8,Base Model,Base Model,-1,66.6,66.6,/home/caixq/project/LLM_EVAL/eval_results/OPRA-LoRA_think-boxed/json/base__Qwen2.5-math-7B/g2/math500/test_qwen25-math-cot_-1_seed0_t0.0_s0_e-1_think-boxed_metrics.json,eval_root
k,math500,1,ver_rule_grpo_nocurl_Qwen2.5-math-7B,FFT,300,78.9,78.9,/home/caixq/project/LLM_EVAL/eval_results/OPRA-LoRA_think-boxed/json/ver_rule_grpo_Qwen2.5-math-7B/ver_rule_grpo_nocurl_Qwen2.5-math-7B__global_step_300/g2/math500/test_think-boxed_-1_seed0_t0.0_s0_e-1_think-boxed_metrics.json,eval_root
k,math500,8,ver_rule_grpo_nocurl_Qwen2.5-math-7B,FFT,300,82.4,82.4,/home/caixq/project/LLM_EVAL/eval_results/OPRA-LoRA_think-boxed/json/ver_rule_grpo_Qwen2.5-math-7B/ver_rule_grpo_nocurl_Qwen2.5-math-7B__global_step_300/g2/math500/test_think-boxed_-1_seed0_t0.0_s0_e-1_think-boxed_metrics.json,eval_root
k,Average,1,Qwen2.5-math-7B_pissa,PiSSA,300,0.75,0.75,/home/caixq/project/LLM_EVAL/eval_results/OPRA-LoRA_think-boxed/json/Qwen2_5_math_7B_pissa/Qwen2.5-math-7B_pissa__global_step_300/g1/aime25x8/test_think-boxed_-1_seed0_t0.6_s0_e-1_think-boxed_metrics.json;/home/caixq/project/LLM_EVAL/eval_results/OPRA-LoRA_think-boxed/json/Qwen2_5_math_7B_pissa/Qwen2.5-math-7B_pissa__global_step_300/g1/amc23x8/test_think-boxed_-1_seed0_t0.6_s0_e-1_think-boxed_metrics.json,eval_root
k,Average,8,Qwen2.5-math-7B_pissa,PiSSA,300,4.85,4.85,/home/caixq/project/LLM_EVAL/eval_results/OPRA-LoRA_think-boxed/json/Qwen2_5_math_7B_pissa/Qwen2.5-math-7B_pissa__global_step_300/g1/aime25x8/test_think-boxed_-1_seed0_t0.6_s0_e-1_think-boxed_metrics.json;/home/caixq/project/LLM_EVAL/eval_results/OPRA-LoRA_think-boxed/json/Qwen2_5_math_7B_pissa/Qwen2.5-math-7B_pissa__global_step_300/g1/amc23x8/test_think-boxed_-1_seed0_t0.6_s0_e-1_think-boxed_metrics.json,eval_root
k,Average,16,Qwen2.5-math-7B_pissa,PiSSA,300,7.9,7.9,/home/caixq/project/LLM_EVAL/eval_results/OPRA-LoRA_think-boxed/json/Qwen2_5_math_7B_pissa/Qwen2.5-math-7B_pissa__global_step_300/g1/aime25x8/test_think-boxed_-1_seed0_t0.6_s0_e-1_think-boxed_metrics.json;/home/caixq/project/LLM_EVAL/eval_results/OPRA-LoRA_think-boxed/json/Qwen2_5_math_7B_pissa/Qwen2.5-math-7B_pissa__global_step_300/g1/amc23x8/test_think-boxed_-1_seed0_t0.6_s0_e-1_think-boxed_metrics.json,eval_root
k,Average,32,Qwen2.5-math-7B_pissa,PiSSA,300,11.4,11.4,/home/caixq/project/LLM_EVAL/eval_results/OPRA-LoRA_think-boxed/json/Qwen2_5_math_7B_pissa/Qwen2.5-math-7B_pissa__global_step_300/g1/aime25x8/test_think-boxed_-1_seed0_t0.6_s0_e-1_think-boxed_metrics.json;/home/caixq/project/LLM_EVAL/eval_results/OPRA-LoRA_think-boxed/json/Qwen2_5_math_7B_pissa/Qwen2.5-math-7B_pissa__global_step_300/g1/amc23x8/test_think-boxed_-1_seed0_t0.6_s0_e-1_think-boxed_metrics.json,eval_root
k,Average,64,Qwen2.5-math-7B_pissa,PiSSA,300,15.3,15.3,/home/caixq/project/LLM_EVAL/eval_results/OPRA-LoRA_think-boxed/json/Qwen2_5_math_7B_pissa/Qwen2.5-math-7B_pissa__global_step_300/g1/aime25x8/test_think-boxed_-1_seed0_t0.6_s0_e-1_think-boxed_metrics.json;/home/caixq/project/LLM_EVAL/eval_results/OPRA-LoRA_think-boxed/json/Qwen2_5_math_7B_pissa/Qwen2.5-math-7B_pissa__global_step_300/g1/amc23x8/test_think-boxed_-1_seed0_t0.6_s0_e-1_think-boxed_metrics.json,eval_root
k,Average,128,Qwen2.5-math-7B_pissa,PiSSA,300,20.6,20.6,/home/caixq/project/LLM_EVAL/eval_results/OPRA-LoRA_think-boxed/json/Qwen2_5_math_7B_pissa/Qwen2.5-math-7B_pissa__global_step_300/g1/aime25x8/test_think-boxed_-1_seed0_t0.6_s0_e-1_think-boxed_metrics.json;/home/caixq/project/LLM_EVAL/eval_results/OPRA-LoRA_think-boxed/json/Qwen2_5_math_7B_pissa/Qwen2.5-math-7B_pissa__global_step_300/g1/amc23x8/test_think-boxed_-1_seed0_t0.6_s0_e-1_think-boxed_metrics.json,eval_root
k,Average,1,Qwen2.5-math-7B_vanilla,LoRA,300,32.48,32.48,/home/caixq/project/LLM_EVAL/eval_results/OPRA-LoRA_think-boxed/json/Qwen2_5_math_7B_vanilla/Qwen2.5-math-7B_vanilla__global_step_300/g1/aime24x8/test_think-boxed_-1_seed0_t0.6_s0_e-1_think-boxed_metrics.json;/home/caixq/project/LLM_EVAL/eval_results/OPRA-LoRA_think-boxed/json/Qwen2_5_math_7B_vanilla/Qwen2.5-math-7B_vanilla__global_step_300/g1/aime25x8/test_think-boxed_-1_seed0_t0.6_s0_e-1_think-boxed_metrics.json;/home/caixq/project/LLM_EVAL/eval_results/OPRA-LoRA_think-boxed/json/Qwen2_5_math_7B_vanilla/Qwen2.5-math-7B_vanilla__global_step_300/g1/amc23x8/test_think-boxed_-1_seed0_t0.6_s0_e-1_think-boxed_metrics.json;/home/caixq/project/LLM_EVAL/eval_results/OPRA-LoRA_think-boxed/json/Qwen2_5_math_7B_vanilla/Qwen2.5-math-7B_vanilla__global_step_300/g2/minerva_math/test_think-boxed_-1_seed0_t0.8_s0_e-1_think-boxed_metrics.json;/home/caixq/project/LLM_EVAL/eval_results/OPRA-LoRA_think-boxed/json/Qwen2_5_math_7B_vanilla/Qwen2.5-math-7B_vanilla__global_step_300/g2/olympiadbench/test_think-boxed_-1_seed0_t0.8_s0_e-1_think-boxed_metrics.json,eval_root
k,Average,8,Qwen2.5-math-7B_vanilla,LoRA,300,50.08,50.08,/home/caixq/project/LLM_EVAL/eval_results/OPRA-LoRA_think-boxed/json/Qwen2_5_math_7B_vanilla/Qwen2.5-math-7B_vanilla__global_step_300/g1/aime24x8/test_think-boxed_-1_seed0_t0.6_s0_e-1_think-boxed_metrics.json;/home/caixq/project/LLM_EVAL/eval_results/OPRA-LoRA_think-boxed/json/Qwen2_5_math_7B_vanilla/Qwen2.5-math-7B_vanilla__global_step_300/g1/aime25x8/test_think-boxed_-1_seed0_t0.6_s0_e-1_think-boxed_metrics.json;/home/caixq/project/LLM_EVAL/eval_results/OPRA-LoRA_think-boxed/json/Qwen2_5_math_7B_vanilla/Qwen2.5-math-7B_vanilla__global_step_300/g1/amc23x8/test_think-boxed_-1_seed0_t0.6_s0_e-1_think-boxed_metrics.json;/home/caixq/project/LLM_EVAL/eval_results/OPRA-LoRA_think-boxed/json/Qwen2_5_math_7B_vanilla/Qwen2.5-math-7B_vanilla__global_step_300/g2/minerva_math/test_think-boxed_-1_seed0_t0.8_s0_e-1_think-boxed_metrics.json;/home/caixq/project/LLM_EVAL/eval_results/OPRA-LoRA_think-boxed/json/Qwen2_5_math_7B_vanilla/Qwen2.5-math-7B_vanilla__global_step_300/g2/olympiadbench/test_think-boxed_-1_seed0_t0.8_s0_e-1_think-boxed_metrics.json,eval_root
k,Average,16,Qwen2.5-math-7B_vanilla,LoRA,300,55.1,55.1,/home/caixq/project/LLM_EVAL/eval_results/OPRA-LoRA_think-boxed/json/Qwen2_5_math_7B_vanilla/Qwen2.5-math-7B_vanilla__global_step_300/g1/aime24x8/test_think-boxed_-1_seed0_t0.6_s0_e-1_think-boxed_metrics.json;/home/caixq/project/LLM_EVAL/eval_results/OPRA-LoRA_think-boxed/json/Qwen2_5_math_7B_vanilla/Qwen2.5-math-7B_vanilla__global_step_300/g1/aime25x8/test_think-boxed_-1_seed0_t0.6_s0_e-1_think-boxed_metrics.json;/home/caixq/project/LLM_EVAL/eval_results/OPRA-LoRA_think-boxed/json/Qwen2_5_math_7B_vanilla/Qwen2.5-math-7B_vanilla__global_step_300/g1/amc23x8/test_think-boxed_-1_seed0_t0.6_s0_e-1_think-boxed_metrics.json;/home/caixq/project/LLM_EVAL/eval_results/OPRA-LoRA_think-boxed/json/Qwen2_5_math_7B_vanilla/Qwen2.5-math-7B_vanilla__global_step_300/g2/minerva_math/test_think-boxed_-1_seed0_t0.8_s0_e-1_think-boxed_metrics.json;/home/caixq/project/LLM_EVAL/eval_results/OPRA-LoRA_think-boxed/json/Qwen2_5_math_7B_vanilla/Qwen2.5-math-7B_vanilla__global_step_300/g2/olympiadbench/test_think-boxed_-1_seed0_t0.8_s0_e-1_think-boxed_metrics.json,eval_root
k,Average,32,Qwen2.5-math-7B_vanilla,LoRA,300,60.0,60.0,/home/caixq/project/LLM_EVAL/eval_results/OPRA-LoRA_think-boxed/json/Qwen2_5_math_7B_vanilla/Qwen2.5-math-7B_vanilla__global_step_300/g1/aime24x8/test_think-boxed_-1_seed0_t0.6_s0_e-1_think-boxed_metrics.json;/home/caixq/project/LLM_EVAL/eval_results/OPRA-LoRA_think-boxed/json/Qwen2_5_math_7B_vanilla/Qwen2.5-math-7B_vanilla__global_step_300/g1/aime25x8/test_think-boxed_-1_seed0_t0.6_s0_e-1_think-boxed_metrics.json;/home/caixq/project/LLM_EVAL/eval_results/OPRA-LoRA_think-boxed/json/Qwen2_5_math_7B_vanilla/Qwen2.5-math-7B_vanilla__global_step_300/g1/amc23x8/test_think-boxed_-1_seed0_t0.6_s0_e-1_think-boxed_metrics.json;/home/caixq/project/LLM_EVAL/eval_results/OPRA-LoRA_think-boxed/json/Qwen2_5_math_7B_vanilla/Qwen2.5-math-7B_vanilla__global_step_300/g2/minerva_math/test_think-boxed_-1_seed0_t0.8_s0_e-1_think-boxed_metrics.json;/home/caixq/project/LLM_EVAL/eval_results/OPRA-LoRA_think-boxed/json/Qwen2_5_math_7B_vanilla/Qwen2.5-math-7B_vanilla__global_step_300/g2/olympiadbench/test_think-boxed_-1_seed0_t0.8_s0_e-1_think-boxed_metrics.json,eval_root
k,Average,64,Qwen2.5-math-7B_vanilla,LoRA,300,64.52,64.52,/home/caixq/project/LLM_EVAL/eval_results/OPRA-LoRA_think-boxed/json/Qwen2_5_math_7B_vanilla/Qwen2.5-math-7B_vanilla__global_step_300/g1/aime24x8/test_think-boxed_-1_seed0_t0.6_s0_e-1_think-boxed_metrics.json;/home/caixq/project/LLM_EVAL/eval_results/OPRA-LoRA_think-boxed/json/Qwen2_5_math_7B_vanilla/Qwen2.5-math-7B_vanilla__global_step_300/g1/aime25x8/test_think-boxed_-1_seed0_t0.6_s0_e-1_think-boxed_metrics.json;/home/caixq/project/LLM_EVAL/eval_results/OPRA-LoRA_think-boxed/json/Qwen2_5_math_7B_vanilla/Qwen2.5-math-7B_vanilla__global_step_300/g1/amc23x8/test_think-boxed_-1_seed0_t0.6_s0_e-1_think-boxed_metrics.json;/home/caixq/project/LLM_EVAL/eval_results/OPRA-LoRA_think-boxed/json/Qwen2_5_math_7B_vanilla/Qwen2.5-math-7B_vanilla__global_step_300/g2/minerva_math/test_think-boxed_-1_seed0_t0.8_s0_e-1_think-boxed_metrics.json;/home/caixq/project/LLM_EVAL/eval_results/OPRA-LoRA_think-boxed/json/Qwen2_5_math_7B_vanilla/Qwen2.5-math-7B_vanilla__global_step_300/g2/olympiadbench/test_think-boxed_-1_seed0_t0.8_s0_e-1_think-boxed_metrics.json,eval_root
k,Average,128,Qwen2.5-math-7B_vanilla,LoRA,300,68.53999999999999,68.53999999999999,/home/caixq/project/LLM_EVAL/eval_results/OPRA-LoRA_think-boxed/json/Qwen2_5_math_7B_vanilla/Qwen2.5-math-7B_vanilla__global_step_300/g1/aime24x8/test_think-boxed_-1_seed0_t0.6_s0_e-1_think-boxed_metrics.json;/home/caixq/project/LLM_EVAL/eval_results/OPRA-LoRA_think-boxed/json/Qwen2_5_math_7B_vanilla/Qwen2.5-math-7B_vanilla__global_step_300/g1/aime25x8/test_think-boxed_-1_seed0_t0.6_s0_e-1_think-boxed_metrics.json;/home/caixq/project/LLM_EVAL/eval_results/OPRA-LoRA_think-boxed/json/Qwen2_5_math_7B_vanilla/Qwen2.5-math-7B_vanilla__global_step_300/g1/amc23x8/test_think-boxed_-1_seed0_t0.6_s0_e-1_think-boxed_metrics.json;/home/caixq/project/LLM_EVAL/eval_results/OPRA-LoRA_think-boxed/json/Qwen2_5_math_7B_vanilla/Qwen2.5-math-7B_vanilla__global_step_300/g2/minerva_math/test_think-boxed_-1_seed0_t0.8_s0_e-1_think-boxed_metrics.json;/home/caixq/project/LLM_EVAL/eval_results/OPRA-LoRA_think-boxed/json/Qwen2_5_math_7B_vanilla/Qwen2.5-math-7B_vanilla__global_step_300/g2/olympiadbench/test_think-boxed_-1_seed0_t0.8_s0_e-1_think-boxed_metrics.json,eval_root
k,Average,1,ver_rule_grpo_nocurl_Qwen2.5-math-7B,FFT,300,41.03333333333334,41.03333333333334,/home/caixq/project/LLM_EVAL/eval_results/OPRA-LoRA_think-boxed/json/ver_rule_grpo_Qwen2.5-math-7B/ver_rule_grpo_nocurl_Qwen2.5-math-7B__global_step_300/g1/aime24x8/test_think-boxed_-1_seed0_t0.6_s0_e-1_think-boxed_metrics.json;/home/caixq/project/LLM_EVAL/eval_results/OPRA-LoRA_think-boxed/json/ver_rule_grpo_Qwen2.5-math-7B/ver_rule_grpo_nocurl_Qwen2.5-math-7B__global_step_300/g1/aime25x8/test_think-boxed_-1_seed0_t0.6_s0_e-1_think-boxed_metrics.json;/home/caixq/project/LLM_EVAL/eval_results/OPRA-LoRA_think-boxed/json/ver_rule_grpo_Qwen2.5-math-7B/ver_rule_grpo_nocurl_Qwen2.5-math-7B__global_step_300/g1/amc23x8/test_think-boxed_-1_seed0_t0.6_s0_e-1_think-boxed_metrics.json;/home/caixq/project/LLM_EVAL/eval_results/OPRA-LoRA_think-boxed/json/ver_rule_grpo_Qwen2.5-math-7B/ver_rule_grpo_nocurl_Qwen2.5-math-7B__global_step_300/g2/math500/test_think-boxed_-1_seed0_t0.0_s0_e-1_think-boxed_metrics.json;/home/caixq/project/LLM_EVAL/eval_results/OPRA-LoRA_think-boxed/json/ver_rule_grpo_Qwen2.5-math-7B/ver_rule_grpo_nocurl_Qwen2.5-math-7B__global_step_300/g2/minerva_math/test_think-boxed_-1_seed0_t0.0_s0_e-1_think-boxed_metrics.json;/home/caixq/project/LLM_EVAL/eval_results/OPRA-LoRA_think-boxed/json/ver_rule_grpo_Qwen2.5-math-7B/ver_rule_grpo_nocurl_Qwen2.5-math-7B__global_step_300/g2/olympiadbench/test_think-boxed_-1_seed0_t0.0_s0_e-1_think-boxed_metrics.json,eval_root
k,Average,8,ver_rule_grpo_nocurl_Qwen2.5-math-7B,FFT,300,53.1,53.1,/home/caixq/project/LLM_EVAL/eval_results/OPRA-LoRA_think-boxed/json/ver_rule_grpo_Qwen2.5-math-7B/ver_rule_grpo_nocurl_Qwen2.5-math-7B__global_step_300/g1/aime24x8/test_think-boxed_-1_seed0_t0.6_s0_e-1_think-boxed_metrics.json;/home/caixq/project/LLM_EVAL/eval_results/OPRA-LoRA_think-boxed/json/ver_rule_grpo_Qwen2.5-math-7B/ver_rule_grpo_nocurl_Qwen2.5-math-7B__global_step_300/g1/aime25x8/test_think-boxed_-1_seed0_t0.6_s0_e-1_think-boxed_metrics.json;/home/caixq/project/LLM_EVAL/eval_results/OPRA-LoRA_think-boxed/json/ver_rule_grpo_Qwen2.5-math-7B/ver_rule_grpo_nocurl_Qwen2.5-math-7B__global_step_300/g1/amc23x8/test_think-boxed_-1_seed0_t0.6_s0_e-1_think-boxed_metrics.json;/home/caixq/project/LLM_EVAL/eval_results/OPRA-LoRA_think-boxed/json/ver_rule_grpo_Qwen2.5-math-7B/ver_rule_grpo_nocurl_Qwen2.5-math-7B__global_step_300/g2/math500/test_think-boxed_-1_seed0_t0.0_s0_e-1_think-boxed_metrics.json;/home/caixq/project/LLM_EVAL/eval_results/OPRA-LoRA_think-boxed/json/ver_rule_grpo_Qwen2.5-math-7B/ver_rule_grpo_nocurl_Qwen2.5-math-7B__global_step_300/g2/minerva_math/test_think-boxed_-1_seed0_t0.0_s0_e-1_think-boxed_metrics.json;/home/caixq/project/LLM_EVAL/eval_results/OPRA-LoRA_think-boxed/json/ver_rule_grpo_Qwen2.5-math-7B/ver_rule_grpo_nocurl_Qwen2.5-math-7B__global_step_300/g2/olympiadbench/test_think-boxed_-1_seed0_t0.0_s0_e-1_think-boxed_metrics.json,eval_root
k,Average,1,Qwen2.5-math-7B_opra_opra,RCA (Ours),300,36.06666666666667,36.06666666666667,/home/caixq/project/LLM_EVAL/eval_results/OPRA-LoRA_think-boxed/json/Qwen2_5_math_7B_opra_opra/Qwen2.5-math-7B_opra_opra__global_step_300/g1/aime24x8/test_think-boxed_-1_seed0_t0.6_s0_e-1_think-boxed_metrics.json;/home/caixq/project/LLM_EVAL/eval_results/OPRA-LoRA_think-boxed/json/Qwen2_5_math_7B_opra_opra/Qwen2.5-math-7B_opra_opra__global_step_300/g1/aime25x8/test_think-boxed_-1_seed0_t0.6_s0_e-1_think-boxed_metrics.json;/home/caixq/project/LLM_EVAL/eval_results/OPRA-LoRA_think-boxed/json/Qwen2_5_math_7B_opra_opra/Qwen2.5-math-7B_opra_opra__global_step_300/g1/amc23x8/test_think-boxed_-1_seed0_t0.6_s0_e-1_think-boxed_metrics.json,eval_root
k,Average,8,Qwen2.5-math-7B_opra_opra,RCA (Ours),100,55.333333333333336,55.333333333333336,/home/caixq/project/LLM_EVAL/eval_results/OPRA-LoRA_think-boxed/json/Qwen2_5_math_7B_opra_opra/Qwen2.5-math-7B_opra_opra__global_step_100/g1/aime24x8/test_think-boxed_-1_seed0_t0.6_s0_e-1_think-boxed_metrics.json;/home/caixq/project/LLM_EVAL/eval_results/OPRA-LoRA_think-boxed/json/Qwen2_5_math_7B_opra_opra/Qwen2.5-math-7B_opra_opra__global_step_100/g1/aime25x8/test_think-boxed_-1_seed0_t0.6_s0_e-1_think-boxed_metrics.json;/home/caixq/project/LLM_EVAL/eval_results/OPRA-LoRA_think-boxed/json/Qwen2_5_math_7B_opra_opra/Qwen2.5-math-7B_opra_opra__global_step_100/g1/amc23x8/test_think-boxed_-1_seed0_t0.6_s0_e-1_think-boxed_metrics.json,eval_root
k,Average,16,Qwen2.5-math-7B_opra_opra,RCA (Ours),100,60.666666666666664,60.666666666666664,/home/caixq/project/LLM_EVAL/eval_results/OPRA-LoRA_think-boxed/json/Qwen2_5_math_7B_opra_opra/Qwen2.5-math-7B_opra_opra__global_step_100/g1/aime24x8/test_think-boxed_-1_seed0_t0.6_s0_e-1_think-boxed_metrics.json;/home/caixq/project/LLM_EVAL/eval_results/OPRA-LoRA_think-boxed/json/Qwen2_5_math_7B_opra_opra/Qwen2.5-math-7B_opra_opra__global_step_100/g1/aime25x8/test_think-boxed_-1_seed0_t0.6_s0_e-1_think-boxed_metrics.json;/home/caixq/project/LLM_EVAL/eval_results/OPRA-LoRA_think-boxed/json/Qwen2_5_math_7B_opra_opra/Qwen2.5-math-7B_opra_opra__global_step_100/g1/amc23x8/test_think-boxed_-1_seed0_t0.6_s0_e-1_think-boxed_metrics.json,eval_root
k,Average,32,Qwen2.5-math-7B_opra_opra,RCA (Ours),100,65.86666666666667,65.86666666666667,/home/caixq/project/LLM_EVAL/eval_results/OPRA-LoRA_think-boxed/json/Qwen2_5_math_7B_opra_opra/Qwen2.5-math-7B_opra_opra__global_step_100/g1/aime24x8/test_think-boxed_-1_seed0_t0.6_s0_e-1_think-boxed_metrics.json;/home/caixq/project/LLM_EVAL/eval_results/OPRA-LoRA_think-boxed/json/Qwen2_5_math_7B_opra_opra/Qwen2.5-math-7B_opra_opra__global_step_100/g1/aime25x8/test_think-boxed_-1_seed0_t0.6_s0_e-1_think-boxed_metrics.json;/home/caixq/project/LLM_EVAL/eval_results/OPRA-LoRA_think-boxed/json/Qwen2_5_math_7B_opra_opra/Qwen2.5-math-7B_opra_opra__global_step_100/g1/amc23x8/test_think-boxed_-1_seed0_t0.6_s0_e-1_think-boxed_metrics.json,eval_root
k,Average,64,Qwen2.5-math-7B_opra_opra,RCA (Ours),100,70.7,70.7,/home/caixq/project/LLM_EVAL/eval_results/OPRA-LoRA_think-boxed/json/Qwen2_5_math_7B_opra_opra/Qwen2.5-math-7B_opra_opra__global_step_100/g1/aime24x8/test_think-boxed_-1_seed0_t0.6_s0_e-1_think-boxed_metrics.json;/home/caixq/project/LLM_EVAL/eval_results/OPRA-LoRA_think-boxed/json/Qwen2_5_math_7B_opra_opra/Qwen2.5-math-7B_opra_opra__global_step_100/g1/aime25x8/test_think-boxed_-1_seed0_t0.6_s0_e-1_think-boxed_metrics.json;/home/caixq/project/LLM_EVAL/eval_results/OPRA-LoRA_think-boxed/json/Qwen2_5_math_7B_opra_opra/Qwen2.5-math-7B_opra_opra__global_step_100/g1/amc23x8/test_think-boxed_-1_seed0_t0.6_s0_e-1_think-boxed_metrics.json,eval_root
k,Average,128,Qwen2.5-math-7B_opra_opra,RCA (Ours),100,75.53333333333333,75.53333333333333,/home/caixq/project/LLM_EVAL/eval_results/OPRA-LoRA_think-boxed/json/Qwen2_5_math_7B_opra_opra/Qwen2.5-math-7B_opra_opra__global_step_100/g1/aime24x8/test_think-boxed_-1_seed0_t0.6_s0_e-1_think-boxed_metrics.json;/home/caixq/project/LLM_EVAL/eval_results/OPRA-LoRA_think-boxed/json/Qwen2_5_math_7B_opra_opra/Qwen2.5-math-7B_opra_opra__global_step_100/g1/aime25x8/test_think-boxed_-1_seed0_t0.6_s0_e-1_think-boxed_metrics.json;/home/caixq/project/LLM_EVAL/eval_results/OPRA-LoRA_think-boxed/json/Qwen2_5_math_7B_opra_opra/Qwen2.5-math-7B_opra_opra__global_step_100/g1/amc23x8/test_think-boxed_-1_seed0_t0.6_s0_e-1_think-boxed_metrics.json,eval_root
k,Average,1,Qwen2.5-math-7B_rslora,RSLoRA,300,34.5,34.5,/home/caixq/project/LLM_EVAL/eval_results/OPRA-LoRA_think-boxed/json/Qwen2_5_math_7B_rslora/Qwen2.5-math-7B_rslora__global_step_300/g1/aime24x8/test_think-boxed_-1_seed0_t0.6_s0_e-1_think-boxed_metrics.json;/home/caixq/project/LLM_EVAL/eval_results/OPRA-LoRA_think-boxed/json/Qwen2_5_math_7B_rslora/Qwen2.5-math-7B_rslora__global_step_300/g1/aime25x8/test_think-boxed_-1_seed0_t0.6_s0_e-1_think-boxed_metrics.json;/home/caixq/project/LLM_EVAL/eval_results/OPRA-LoRA_think-boxed/json/Qwen2_5_math_7B_rslora/Qwen2.5-math-7B_rslora__global_step_300/g1/amc23x8/test_think-boxed_-1_seed0_t0.6_s0_e-1_think-boxed_metrics.json,eval_root
k,Average,8,Qwen2.5-math-7B_rslora,RSLoRA,300,53.26666666666667,53.26666666666667,/home/caixq/project/LLM_EVAL/eval_results/OPRA-LoRA_think-boxed/json/Qwen2_5_math_7B_rslora/Qwen2.5-math-7B_rslora__global_step_300/g1/aime24x8/test_think-boxed_-1_seed0_t0.6_s0_e-1_think-boxed_metrics.json;/home/caixq/project/LLM_EVAL/eval_results/OPRA-LoRA_think-boxed/json/Qwen2_5_math_7B_rslora/Qwen2.5-math-7B_rslora__global_step_300/g1/aime25x8/test_think-boxed_-1_seed0_t0.6_s0_e-1_think-boxed_metrics.json;/home/caixq/project/LLM_EVAL/eval_results/OPRA-LoRA_think-boxed/json/Qwen2_5_math_7B_rslora/Qwen2.5-math-7B_rslora__global_step_300/g1/amc23x8/test_think-boxed_-1_seed0_t0.6_s0_e-1_think-boxed_metrics.json,eval_root
k,Average,16,Qwen2.5-math-7B_rslora,RSLoRA,300,57.96666666666667,57.96666666666667,/home/caixq/project/LLM_EVAL/eval_results/OPRA-LoRA_think-boxed/json/Qwen2_5_math_7B_rslora/Qwen2.5-math-7B_rslora__global_step_300/g1/aime24x8/test_think-boxed_-1_seed0_t0.6_s0_e-1_think-boxed_metrics.json;/home/caixq/project/LLM_EVAL/eval_results/OPRA-LoRA_think-boxed/json/Qwen2_5_math_7B_rslora/Qwen2.5-math-7B_rslora__global_step_300/g1/aime25x8/test_think-boxed_-1_seed0_t0.6_s0_e-1_think-boxed_metrics.json;/home/caixq/project/LLM_EVAL/eval_results/OPRA-LoRA_think-boxed/json/Qwen2_5_math_7B_rslora/Qwen2.5-math-7B_rslora__global_step_300/g1/amc23x8/test_think-boxed_-1_seed0_t0.6_s0_e-1_think-boxed_metrics.json,eval_root
k,Average,32,Qwen2.5-math-7B_rslora,RSLoRA,300,62.53333333333333,62.53333333333333,/home/caixq/project/LLM_EVAL/eval_results/OPRA-LoRA_think-boxed/json/Qwen2_5_math_7B_rslora/Qwen2.5-math-7B_rslora__global_step_300/g1/aime24x8/test_think-boxed_-1_seed0_t0.6_s0_e-1_think-boxed_metrics.json;/home/caixq/project/LLM_EVAL/eval_results/OPRA-LoRA_think-boxed/json/Qwen2_5_math_7B_rslora/Qwen2.5-math-7B_rslora__global_step_300/g1/aime25x8/test_think-boxed_-1_seed0_t0.6_s0_e-1_think-boxed_metrics.json;/home/caixq/project/LLM_EVAL/eval_results/OPRA-LoRA_think-boxed/json/Qwen2_5_math_7B_rslora/Qwen2.5-math-7B_rslora__global_step_300/g1/amc23x8/test_think-boxed_-1_seed0_t0.6_s0_e-1_think-boxed_metrics.json,eval_root
k,Average,64,Qwen2.5-math-7B_rslora,RSLoRA,300,67.26666666666667,67.26666666666667,/home/caixq/project/LLM_EVAL/eval_results/OPRA-LoRA_think-boxed/json/Qwen2_5_math_7B_rslora/Qwen2.5-math-7B_rslora__global_step_300/g1/aime24x8/test_think-boxed_-1_seed0_t0.6_s0_e-1_think-boxed_metrics.json;/home/caixq/project/LLM_EVAL/eval_results/OPRA-LoRA_think-boxed/json/Qwen2_5_math_7B_rslora/Qwen2.5-math-7B_rslora__global_step_300/g1/aime25x8/test_think-boxed_-1_seed0_t0.6_s0_e-1_think-boxed_metrics.json;/home/caixq/project/LLM_EVAL/eval_results/OPRA-LoRA_think-boxed/json/Qwen2_5_math_7B_rslora/Qwen2.5-math-7B_rslora__global_step_300/g1/amc23x8/test_think-boxed_-1_seed0_t0.6_s0_e-1_think-boxed_metrics.json,eval_root
k,Average,128,Qwen2.5-math-7B_rslora,RSLoRA,300,72.43333333333332,72.43333333333332,/home/caixq/project/LLM_EVAL/eval_results/OPRA-LoRA_think-boxed/json/Qwen2_5_math_7B_rslora/Qwen2.5-math-7B_rslora__global_step_300/g1/aime24x8/test_think-boxed_-1_seed0_t0.6_s0_e-1_think-boxed_metrics.json;/home/caixq/project/LLM_EVAL/eval_results/OPRA-LoRA_think-boxed/json/Qwen2_5_math_7B_rslora/Qwen2.5-math-7B_rslora__global_step_300/g1/aime25x8/test_think-boxed_-1_seed0_t0.6_s0_e-1_think-boxed_metrics.json;/home/caixq/project/LLM_EVAL/eval_results/OPRA-LoRA_think-boxed/json/Qwen2_5_math_7B_rslora/Qwen2.5-math-7B_rslora__global_step_300/g1/amc23x8/test_think-boxed_-1_seed0_t0.6_s0_e-1_think-boxed_metrics.json,eval_root
k,Average,1,Qwen2.5-math-7B_adalora,AdaLoRA,300,28.400000000000002,28.400000000000002,/home/caixq/project/LLM_EVAL/eval_results/OPRA-LoRA_think-boxed/json/Qwen2_5_math_7B_adalora/Qwen2.5-math-7B_adalora__global_step_300/g1/aime24x8/test_think-boxed_-1_seed0_t0.6_s0_e-1_think-boxed_metrics.json;/home/caixq/project/LLM_EVAL/eval_results/OPRA-LoRA_think-boxed/json/Qwen2_5_math_7B_adalora/Qwen2.5-math-7B_adalora__global_step_300/g1/aime25x8/test_think-boxed_-1_seed0_t0.6_s0_e-1_think-boxed_metrics.json;/home/caixq/project/LLM_EVAL/eval_results/OPRA-LoRA_think-boxed/json/Qwen2_5_math_7B_adalora/Qwen2.5-math-7B_adalora__global_step_300/g1/amc23x8/test_think-boxed_-1_seed0_t0.6_s0_e-1_think-boxed_metrics.json,eval_root
k,Average,8,Qwen2.5-math-7B_adalora,AdaLoRA,300,50.79999999999999,50.79999999999999,/home/caixq/project/LLM_EVAL/eval_results/OPRA-LoRA_think-boxed/json/Qwen2_5_math_7B_adalora/Qwen2.5-math-7B_adalora__global_step_300/g1/aime24x8/test_think-boxed_-1_seed0_t0.6_s0_e-1_think-boxed_metrics.json;/home/caixq/project/LLM_EVAL/eval_results/OPRA-LoRA_think-boxed/json/Qwen2_5_math_7B_adalora/Qwen2.5-math-7B_adalora__global_step_300/g1/aime25x8/test_think-boxed_-1_seed0_t0.6_s0_e-1_think-boxed_metrics.json;/home/caixq/project/LLM_EVAL/eval_results/OPRA-LoRA_think-boxed/json/Qwen2_5_math_7B_adalora/Qwen2.5-math-7B_adalora__global_step_300/g1/amc23x8/test_think-boxed_-1_seed0_t0.6_s0_e-1_think-boxed_metrics.json,eval_root
k,Average,16,Qwen2.5-math-7B_adalora,AdaLoRA,300,56.03333333333334,56.03333333333334,/home/caixq/project/LLM_EVAL/eval_results/OPRA-LoRA_think-boxed/json/Qwen2_5_math_7B_adalora/Qwen2.5-math-7B_adalora__global_step_300/g1/aime24x8/test_think-boxed_-1_seed0_t0.6_s0_e-1_think-boxed_metrics.json;/home/caixq/project/LLM_EVAL/eval_results/OPRA-LoRA_think-boxed/json/Qwen2_5_math_7B_adalora/Qwen2.5-math-7B_adalora__global_step_300/g1/aime25x8/test_think-boxed_-1_seed0_t0.6_s0_e-1_think-boxed_metrics.json;/home/caixq/project/LLM_EVAL/eval_results/OPRA-LoRA_think-boxed/json/Qwen2_5_math_7B_adalora/Qwen2.5-math-7B_adalora__global_step_300/g1/amc23x8/test_think-boxed_-1_seed0_t0.6_s0_e-1_think-boxed_metrics.json,eval_root
k,Average,32,Qwen2.5-math-7B_adalora,AdaLoRA,300,61.0,61.0,/home/caixq/project/LLM_EVAL/eval_results/OPRA-LoRA_think-boxed/json/Qwen2_5_math_7B_adalora/Qwen2.5-math-7B_adalora__global_step_300/g1/aime24x8/test_think-boxed_-1_seed0_t0.6_s0_e-1_think-boxed_metrics.json;/home/caixq/project/LLM_EVAL/eval_results/OPRA-LoRA_think-boxed/json/Qwen2_5_math_7B_adalora/Qwen2.5-math-7B_adalora__global_step_300/g1/aime25x8/test_think-boxed_-1_seed0_t0.6_s0_e-1_think-boxed_metrics.json;/home/caixq/project/LLM_EVAL/eval_results/OPRA-LoRA_think-boxed/json/Qwen2_5_math_7B_adalora/Qwen2.5-math-7B_adalora__global_step_300/g1/amc23x8/test_think-boxed_-1_seed0_t0.6_s0_e-1_think-boxed_metrics.json,eval_root
k,Average,64,Qwen2.5-math-7B_adalora,AdaLoRA,300,65.93333333333334,65.93333333333334,/home/caixq/project/LLM_EVAL/eval_results/OPRA-LoRA_think-boxed/json/Qwen2_5_math_7B_adalora/Qwen2.5-math-7B_adalora__global_step_300/g1/aime24x8/test_think-boxed_-1_seed0_t0.6_s0_e-1_think-boxed_metrics.json;/home/caixq/project/LLM_EVAL/eval_results/OPRA-LoRA_think-boxed/json/Qwen2_5_math_7B_adalora/Qwen2.5-math-7B_adalora__global_step_300/g1/aime25x8/test_think-boxed_-1_seed0_t0.6_s0_e-1_think-boxed_metrics.json;/home/caixq/project/LLM_EVAL/eval_results/OPRA-LoRA_think-boxed/json/Qwen2_5_math_7B_adalora/Qwen2.5-math-7B_adalora__global_step_300/g1/amc23x8/test_think-boxed_-1_seed0_t0.6_s0_e-1_think-boxed_metrics.json,eval_root
k,Average,128,Qwen2.5-math-7B_adalora,AdaLoRA,300,70.73333333333333,70.73333333333333,/home/caixq/project/LLM_EVAL/eval_results/OPRA-LoRA_think-boxed/json/Qwen2_5_math_7B_adalora/Qwen2.5-math-7B_adalora__global_step_300/g1/aime24x8/test_think-boxed_-1_seed0_t0.6_s0_e-1_think-boxed_metrics.json;/home/caixq/project/LLM_EVAL/eval_results/OPRA-LoRA_think-boxed/json/Qwen2_5_math_7B_adalora/Qwen2.5-math-7B_adalora__global_step_300/g1/aime25x8/test_think-boxed_-1_seed0_t0.6_s0_e-1_think-boxed_metrics.json;/home/caixq/project/LLM_EVAL/eval_results/OPRA-LoRA_think-boxed/json/Qwen2_5_math_7B_adalora/Qwen2.5-math-7B_adalora__global_step_300/g1/amc23x8/test_think-boxed_-1_seed0_t0.6_s0_e-1_think-boxed_metrics.json,eval_root
k,Average,1,Qwen2.5-math-7B_olora,OLoRA,200,0.2333333333333333,0.2333333333333333,/home/caixq/project/LLM_EVAL/eval_results/OPRA-LoRA_think-boxed/json/Qwen2_5_math_7B_olora/Qwen2.5-math-7B_olora__global_step_200/g1/aime24x8/test_think-boxed_-1_seed0_t0.6_s0_e-1_think-boxed_metrics.json;/home/caixq/project/LLM_EVAL/eval_results/OPRA-LoRA_think-boxed/json/Qwen2_5_math_7B_olora/Qwen2.5-math-7B_olora__global_step_200/g1/aime25x8/test_think-boxed_-1_seed0_t0.6_s0_e-1_think-boxed_metrics.json;/home/caixq/project/LLM_EVAL/eval_results/OPRA-LoRA_think-boxed/json/Qwen2_5_math_7B_olora/Qwen2.5-math-7B_olora__global_step_200/g1/amc23x8/test_think-boxed_-1_seed0_t0.6_s0_e-1_think-boxed_metrics.json,eval_root
k,Average,8,Qwen2.5-math-7B_olora,OLoRA,200,0.9333333333333332,0.9333333333333332,/home/caixq/project/LLM_EVAL/eval_results/OPRA-LoRA_think-boxed/json/Qwen2_5_math_7B_olora/Qwen2.5-math-7B_olora__global_step_200/g1/aime24x8/test_think-boxed_-1_seed0_t0.6_s0_e-1_think-boxed_metrics.json;/home/caixq/project/LLM_EVAL/eval_results/OPRA-LoRA_think-boxed/json/Qwen2_5_math_7B_olora/Qwen2.5-math-7B_olora__global_step_200/g1/aime25x8/test_think-boxed_-1_seed0_t0.6_s0_e-1_think-boxed_metrics.json;/home/caixq/project/LLM_EVAL/eval_results/OPRA-LoRA_think-boxed/json/Qwen2_5_math_7B_olora/Qwen2.5-math-7B_olora__global_step_200/g1/amc23x8/test_think-boxed_-1_seed0_t0.6_s0_e-1_think-boxed_metrics.json,eval_root
k,Average,16,Qwen2.5-math-7B_olora,OLoRA,200,1.2,1.2,/home/caixq/project/LLM_EVAL/eval_results/OPRA-LoRA_think-boxed/json/Qwen2_5_math_7B_olora/Qwen2.5-math-7B_olora__global_step_200/g1/aime24x8/test_think-boxed_-1_seed0_t0.6_s0_e-1_think-boxed_metrics.json;/home/caixq/project/LLM_EVAL/eval_results/OPRA-LoRA_think-boxed/json/Qwen2_5_math_7B_olora/Qwen2.5-math-7B_olora__global_step_200/g1/aime25x8/test_think-boxed_-1_seed0_t0.6_s0_e-1_think-boxed_metrics.json;/home/caixq/project/LLM_EVAL/eval_results/OPRA-LoRA_think-boxed/json/Qwen2_5_math_7B_olora/Qwen2.5-math-7B_olora__global_step_200/g1/amc23x8/test_think-boxed_-1_seed0_t0.6_s0_e-1_think-boxed_metrics.json,eval_root
k,Average,32,Qwen2.5-math-7B_olora,OLoRA,200,1.5666666666666667,1.5666666666666667,/home/caixq/project/LLM_EVAL/eval_results/OPRA-LoRA_think-boxed/json/Qwen2_5_math_7B_olora/Qwen2.5-math-7B_olora__global_step_200/g1/aime24x8/test_think-boxed_-1_seed0_t0.6_s0_e-1_think-boxed_metrics.json;/home/caixq/project/LLM_EVAL/eval_results/OPRA-LoRA_think-boxed/json/Qwen2_5_math_7B_olora/Qwen2.5-math-7B_olora__global_step_200/g1/aime25x8/test_think-boxed_-1_seed0_t0.6_s0_e-1_think-boxed_metrics.json;/home/caixq/project/LLM_EVAL/eval_results/OPRA-LoRA_think-boxed/json/Qwen2_5_math_7B_olora/Qwen2.5-math-7B_olora__global_step_200/g1/amc23x8/test_think-boxed_-1_seed0_t0.6_s0_e-1_think-boxed_metrics.json,eval_root
k,Average,64,Qwen2.5-math-7B_olora,OLoRA,200,2.1666666666666665,2.1666666666666665,/home/caixq/project/LLM_EVAL/eval_results/OPRA-LoRA_think-boxed/json/Qwen2_5_math_7B_olora/Qwen2.5-math-7B_olora__global_step_200/g1/aime24x8/test_think-boxed_-1_seed0_t0.6_s0_e-1_think-boxed_metrics.json;/home/caixq/project/LLM_EVAL/eval_results/OPRA-LoRA_think-boxed/json/Qwen2_5_math_7B_olora/Qwen2.5-math-7B_olora__global_step_200/g1/aime25x8/test_think-boxed_-1_seed0_t0.6_s0_e-1_think-boxed_metrics.json;/home/caixq/project/LLM_EVAL/eval_results/OPRA-LoRA_think-boxed/json/Qwen2_5_math_7B_olora/Qwen2.5-math-7B_olora__global_step_200/g1/amc23x8/test_think-boxed_-1_seed0_t0.6_s0_e-1_think-boxed_metrics.json,eval_root
k,Average,128,Qwen2.5-math-7B_olora,OLoRA,200,3.033333333333333,3.033333333333333,/home/caixq/project/LLM_EVAL/eval_results/OPRA-LoRA_think-boxed/json/Qwen2_5_math_7B_olora/Qwen2.5-math-7B_olora__global_step_200/g1/aime24x8/test_think-boxed_-1_seed0_t0.6_s0_e-1_think-boxed_metrics.json;/home/caixq/project/LLM_EVAL/eval_results/OPRA-LoRA_think-boxed/json/Qwen2_5_math_7B_olora/Qwen2.5-math-7B_olora__global_step_200/g1/aime25x8/test_think-boxed_-1_seed0_t0.6_s0_e-1_think-boxed_metrics.json;/home/caixq/project/LLM_EVAL/eval_results/OPRA-LoRA_think-boxed/json/Qwen2_5_math_7B_olora/Qwen2.5-math-7B_olora__global_step_200/g1/amc23x8/test_think-boxed_-1_seed0_t0.6_s0_e-1_think-boxed_metrics.json,eval_root
